Collision_ID,Crash_Date,Vehicle_Type
4471105,01-10-2021 00:00,Two Wheeler
4465332,01-10-2021 00:00,SUV
4463719,01-10-2021 00:00,SUV
4464726,01-10-2021 00:04,Sedan
4463173,01-10-2021 00:04,SUV
4463323,01-10-2021 00:05,Sedan
4464340,01-10-2021 00:10,SUV
4463227,01-10-2021 00:15,Sedan
4464064,01-10-2021 00:25,Sedan
4466855,01-10-2021 00:30,SUV
4465446,01-10-2021 00:30,Sedan
4463130,01-10-2021 00:33,SUV
4463209,01-10-2021 00:42,Sedan
4463084,01-10-2021 00:45,Sedan
4463058,01-10-2021 00:45,Sedan
4463064,01-10-2021 00:50,SUV
4463153,01-10-2021 00:50,Taxi
4465495,01-10-2021 00:55,SUV
4463099,01-10-2021 00:56,SUV
4463067,01-10-2021 00:57,Sedan
4463184,01-10-2021 01:00,Two Wheeler
4464020,01-10-2021 01:00,SUV
4464467,01-10-2021 01:04,Sedan
4463485,01-10-2021 01:05,Sedan
4464384,01-10-2021 01:08,SUV
4463611,01-10-2021 01:23,Commercial Vehicle
4463835,01-10-2021 01:29,Sedan
4463348,01-10-2021 01:30,Sedan
4463272,01-10-2021 01:30,SUV
4463070,01-10-2021 01:35,Sedan
4463574,01-10-2021 01:40,Sedan
4464127,01-10-2021 01:40,Heavy Vehicle
4464370,01-10-2021 01:47,Sedan
4464578,01-10-2021 01:48,Two Wheeler
4463249,01-10-2021 01:50,Two Wheeler
4463852,01-10-2021 01:58,SUV
4463223,01-10-2021 02:00,SUV
4463558,01-10-2021 02:00,Sedan
4463454,01-10-2021 02:00,SUV
4463124,01-10-2021 02:04,Sedan
4463191,01-10-2021 02:05,Sedan
4463861,01-10-2021 02:10,Sedan
4468433,01-10-2021 02:15,Sedan
4463065,01-10-2021 02:25,SUV
4464143,01-10-2021 02:25,SUV
4463265,01-10-2021 02:30,Sedan
4463262,01-10-2021 02:46,Two Wheeler
4464222,01-10-2021 02:49,Heavy Vehicle
4464359,01-10-2021 02:50,Sedan
4464635,01-10-2021 02:53,SUV
4463977,01-10-2021 03:00,Sedan
4463314,01-10-2021 03:00,Sedan
4463425,01-10-2021 03:00,SUV
4463088,01-10-2021 03:00,Sedan
4463907,01-10-2021 03:09,SUV
4464042,01-10-2021 03:14,Sedan
4463056,01-10-2021 03:15,Sedan
4464271,01-10-2021 03:21,Sedan
4463082,01-10-2021 03:30,SUV
4463236,01-10-2021 03:48,Sedan
4465150,01-10-2021 03:54,Sedan
4463133,01-10-2021 03:55,SUV
4463197,01-10-2021 04:04,Sedan
4463154,01-10-2021 04:10,SUV
4464334,01-10-2021 04:10,Bus
4463554,01-10-2021 04:10,SUV
4463371,01-10-2021 04:20,Sedan
4463114,01-10-2021 04:30,Sedan
4463866,01-10-2021 04:45,SUV
4463168,01-10-2021 04:49,Sedan
4463066,01-10-2021 04:50,Sedan
4471118,01-10-2021 05:00,Sedan
4463261,01-10-2021 05:13,Heavy Vehicle
4464936,01-10-2021 05:30,SUV
4464861,01-10-2021 05:30,SUV
4463155,01-10-2021 05:30,Sedan
4465447,01-10-2021 05:45,SUV
4463136,01-10-2021 05:50,Sedan
4463283,01-10-2021 06:16,Sedan
4467700,01-10-2021 06:30,SUV
4463188,01-10-2021 06:30,Sedan
4463148,01-10-2021 06:40,SUV
4463620,01-10-2021 06:55,SUV
4463524,01-10-2021 07:10,SUV
4463338,01-10-2021 07:15,Sedan
4463097,01-10-2021 07:40,SUV
4463228,01-10-2021 07:44,Sedan
4463772,01-10-2021 07:45,SUV
4463336,01-10-2021 08:00,SUV
4463756,01-10-2021 08:00,SUV
4463518,01-10-2021 08:15,SUV
4463210,01-10-2021 08:19,SUV
4463382,01-10-2021 08:20,Sedan
4463387,01-10-2021 08:20,SUV
4463127,01-10-2021 08:24,Commercial Vehicle
4463888,01-10-2021 08:30,SUV
4463115,01-10-2021 08:30,Sedan
4463668,01-10-2021 08:36,Sedan
4464924,01-10-2021 08:50,Sedan
4463329,01-10-2021 09:00,SUV
4463349,01-10-2021 09:00,Sedan
4463151,01-10-2021 09:05,SUV
4463444,01-10-2021 09:12,Sedan
4466556,01-10-2021 09:13,Heavy Vehicle
4463104,01-10-2021 09:15,SUV
4463416,01-10-2021 09:20,SUV
4463206,01-10-2021 09:24,Two Wheeler
4464286,01-10-2021 09:51,Sedan
4463207,01-10-2021 09:57,Sedan
4463276,01-10-2021 10:00,Sedan
4463237,01-10-2021 10:00,SUV
4465801,01-10-2021 10:00,Sedan
4463318,01-10-2021 10:00,Two Wheeler
4463126,01-10-2021 10:00,Sedan
4464425,01-10-2021 10:11,Sedan
4463759,01-10-2021 10:30,Sedan
4463738,01-10-2021 10:40,Sedan
4464617,01-10-2021 10:42,Sedan
4465002,01-10-2021 10:50,Sedan
4463138,01-10-2021 10:50,SUV
4465003,01-10-2021 11:00,Sedan
4463386,01-10-2021 11:00,Sedan
4463282,01-10-2021 11:15,Commercial Vehicle
4464126,01-10-2021 11:15,Sedan
4464405,01-10-2021 11:20,Heavy Vehicle
4463137,01-10-2021 11:20,Sedan
4463522,01-10-2021 11:23,Sedan
4463149,01-10-2021 11:30,SUV
4463352,01-10-2021 11:33,Sedan
4464686,01-10-2021 11:40,Sedan
4463482,01-10-2021 11:40,SUV
4465326,01-10-2021 11:41,Two Wheeler
4465426,01-10-2021 11:43,Sedan
4463252,01-10-2021 11:45,SUV
4463247,01-10-2021 11:50,SUV
4464003,01-10-2021 11:50,Sedan
4463538,01-10-2021 11:51,SUV
4463340,01-10-2021 11:55,SUV
4466201,01-10-2021 12:00,Sedan
4464669,01-10-2021 12:00,SUV
4464283,01-10-2021 12:00,Sedan
4463519,01-10-2021 12:00,Sedan
4463580,01-10-2021 12:00,Sedan
4463899,01-10-2021 12:10,Two Wheeler
4463696,01-10-2021 12:10,Commercial Vehicle
4463218,01-10-2021 12:15,Sedan
4463640,01-10-2021 12:20,Sedan
4465223,01-10-2021 12:25,SUV
4463409,01-10-2021 12:25,Two Wheeler
4463812,01-10-2021 12:25,Sedan
4463313,01-10-2021 12:30,SUV
4464035,01-10-2021 12:30,SUV
4464634,01-10-2021 12:45,Sedan
4463628,01-10-2021 12:45,Sedan
4463242,01-10-2021 12:50,SUV
4470004,01-10-2021 12:55,SUV
4463540,01-10-2021 12:58,Sedan
4464884,01-10-2021 13:00,Sedan
4463656,01-10-2021 13:00,Bus
4463335,01-10-2021 13:02,SUV
4463161,01-10-2021 13:02,SUV
4464110,01-10-2021 13:05,Sedan
4463543,01-10-2021 13:06,SUV
4463773,01-10-2021 13:08,Sedan
4463626,01-10-2021 13:10,SUV
4463774,01-10-2021 13:14,Sedan
4463670,01-10-2021 13:19,SUV
4463981,01-10-2021 13:22,Sedan
4463758,01-10-2021 13:25,Sedan
4463681,01-10-2021 13:29,SUV
4463190,01-10-2021 13:29,Heavy Vehicle
4463989,01-10-2021 13:30,Two Wheeler
4463892,01-10-2021 13:30,Sedan
4463263,01-10-2021 13:35,Sedan
4463160,01-10-2021 13:37,Two Wheeler
4465822,01-10-2021 13:40,SUV
4463141,01-10-2021 13:45,Sedan
4463248,01-10-2021 13:48,SUV
4463985,01-10-2021 13:50,SUV
4464626,01-10-2021 14:00,Two Wheeler
4463390,01-10-2021 14:00,Sedan
4463300,01-10-2021 14:00,SUV
4463217,01-10-2021 14:00,SUV
4463967,01-10-2021 14:00,SUV
4464145,01-10-2021 14:05,SUV
4463193,01-10-2021 14:10,Bus
4463423,01-10-2021 14:10,Sedan
4464154,01-10-2021 14:17,Sedan
4463525,01-10-2021 14:20,Two Wheeler
4464026,01-10-2021 14:20,Heavy Vehicle
4463760,01-10-2021 14:22,Heavy Vehicle
4466930,01-10-2021 14:25,SUV
4463298,01-10-2021 14:25,Sedan
4463400,01-10-2021 14:25,SUV
4463927,01-10-2021 14:30,SUV
4464023,01-10-2021 14:30,Sedan
4463844,01-10-2021 14:36,Sedan
4463895,01-10-2021 14:37,Two Wheeler
4464188,01-10-2021 14:42,SUV
4463214,01-10-2021 14:58,Sedan
4463219,01-10-2021 15:00,Sedan
4464015,01-10-2021 15:00,Sedan
4463657,01-10-2021 15:00,SUV
4463208,01-10-2021 15:05,Sedan
4464140,01-10-2021 15:06,Sedan
4463690,01-10-2021 15:10,Two Wheeler
4463211,01-10-2021 15:10,Sedan
4465971,01-10-2021 15:15,Commercial Vehicle
4464667,01-10-2021 15:15,Heavy Vehicle
4464687,01-10-2021 15:15,SUV
4464548,01-10-2021 15:15,SUV
4463542,01-10-2021 15:15,SUV
4463267,01-10-2021 15:20,Sedan
4463264,01-10-2021 15:25,SUV
4464953,01-10-2021 15:30,SUV
4463238,01-10-2021 15:30,SUV
4469613,01-10-2021 15:32,SUV
4464022,01-10-2021 15:38,SUV
4464180,01-10-2021 15:40,SUV
4463682,01-10-2021 15:43,Sedan
4463431,01-10-2021 15:50,Sedan
4464031,01-10-2021 15:50,Sedan
4464523,01-10-2021 15:55,SUV
4463510,01-10-2021 16:00,SUV
4463224,01-10-2021 16:00,SUV
4463306,01-10-2021 16:09,SUV
4464021,01-10-2021 16:11,Sedan
4464558,01-10-2021 16:15,Two Wheeler
4463225,01-10-2021 16:15,Sedan
4463702,01-10-2021 16:19,Two Wheeler
4464465,01-10-2021 16:20,Two Wheeler
4463836,01-10-2021 16:20,SUV
4463855,01-10-2021 16:25,Heavy Vehicle
4463385,01-10-2021 16:25,Two Wheeler
4463974,01-10-2021 16:29,Two Wheeler
4463617,01-10-2021 16:29,Sedan
4463853,01-10-2021 16:30,Sedan
4463279,01-10-2021 16:30,SUV
4465826,01-10-2021 16:32,Sedan
4465420,01-10-2021 16:37,SUV
4464044,01-10-2021 16:40,Sedan
4463194,01-10-2021 16:41,Two Wheeler
4463495,01-10-2021 16:44,Sedan
4463490,01-10-2021 16:45,Sedan
4463253,01-10-2021 16:48,Sedan
4463498,01-10-2021 17:00,Sedan
4464138,01-10-2021 17:00,SUV
4463235,01-10-2021 17:00,Sedan
4463942,01-10-2021 17:01,Sedan
4463244,01-10-2021 17:05,SUV
4464442,01-10-2021 17:10,Sedan
4473108,01-10-2021 17:15,SUV
4466597,01-10-2021 17:15,SUV
4465095,01-10-2021 17:15,SUV
4464030,01-10-2021 17:25,Sedan
4463296,01-10-2021 17:30,SUV
4464087,01-10-2021 17:31,SUV
4463216,01-10-2021 17:42,Two Wheeler
4463229,01-10-2021 17:43,Two Wheeler
4464018,01-10-2021 17:45,Sedan
4463215,01-10-2021 17:45,Sedan
4463703,01-10-2021 17:52,Commercial Vehicle
4465507,01-10-2021 18:00,SUV
4463257,01-10-2021 18:00,SUV
4464079,01-10-2021 18:00,Sedan
4463720,01-10-2021 18:00,SUV
4463469,01-10-2021 18:02,Taxi
4464235,01-10-2021 18:03,Sedan
4463857,01-10-2021 18:05,Sedan
4463817,01-10-2021 18:07,SUV
4464133,01-10-2021 18:10,SUV
4463599,01-10-2021 18:11,Sedan
4464486,01-10-2021 18:13,Sedan
4463588,01-10-2021 18:15,Sedan
4463943,01-10-2021 18:16,Heavy Vehicle
4465193,01-10-2021 18:19,Sedan
4464987,01-10-2021 18:20,Sedan
4464330,01-10-2021 18:30,SUV
4463278,01-10-2021 18:37,Sedan
4463233,01-10-2021 18:39,SUV
4463220,01-10-2021 18:41,Two Wheeler
4463284,01-10-2021 18:44,SUV
4463587,01-10-2021 18:50,Two Wheeler
4465532,01-10-2021 18:55,Sedan
4463383,01-10-2021 18:55,Sedan
4463793,01-10-2021 19:00,SUV
4463813,01-10-2021 19:00,SUV
4463358,01-10-2021 19:00,Heavy Vehicle
4464090,01-10-2021 19:00,SUV
4463269,01-10-2021 19:05,Sedan
4464865,01-10-2021 19:18,Sedan
4463450,01-10-2021 19:20,Sedan
4464661,01-10-2021 19:30,Sedan
4463295,01-10-2021 19:40,Sedan
4463270,01-10-2021 19:40,Sedan
4463255,01-10-2021 19:41,SUV
4463274,01-10-2021 19:43,Sedan
4463708,01-10-2021 19:45,SUV
4464731,01-10-2021 19:47,Sedan
4466956,01-10-2021 19:50,Sedan
4464794,01-10-2021 19:50,Sedan
4464367,01-10-2021 20:00,Sedan
4463339,01-10-2021 20:03,Two Wheeler
4463299,01-10-2021 20:13,SUV
4463790,01-10-2021 20:15,Two Wheeler
4463275,01-10-2021 20:15,Bus
4464122,01-10-2021 20:17,SUV
4464070,01-10-2021 20:18,SUV
4463858,01-10-2021 20:24,Sedan
4463803,01-10-2021 20:25,Sedan
4463367,01-10-2021 20:30,Sedan
4463411,01-10-2021 20:30,Two Wheeler
4463669,01-10-2021 20:34,SUV
4463761,01-10-2021 20:35,Two Wheeler
4463963,01-10-2021 20:45,SUV
4463845,01-10-2021 20:45,Sedan
4468067,01-10-2021 20:55,SUV
4463403,01-10-2021 20:56,Sedan
4463856,01-10-2021 21:07,Heavy Vehicle
4463355,01-10-2021 21:19,Taxi
4464274,01-10-2021 21:30,Sedan
4464168,01-10-2021 21:39,SUV
4463699,01-10-2021 21:40,SUV
4464351,01-10-2021 22:01,Sedan
4464834,01-10-2021 22:09,Two Wheeler
4463791,01-10-2021 22:09,SUV
4463366,01-10-2021 22:14,Two Wheeler
4464041,01-10-2021 22:30,Sedan
4463893,01-10-2021 22:30,Sedan
4464736,01-10-2021 22:34,Sedan
4463897,01-10-2021 22:36,Sedan
4463762,01-10-2021 22:40,Ambulance
4463511,01-10-2021 22:47,Two Wheeler
4463361,01-10-2021 22:50,SUV
4463334,01-10-2021 22:53,Sedan
4467224,01-10-2021 22:55,Sedan
4463286,01-10-2021 22:55,SUV
4463412,01-10-2021 22:55,SUV
4463562,01-10-2021 22:59,Sedan
4463579,01-10-2021 23:00,SUV
4463775,01-10-2021 23:35,Sedan
4463659,01-10-2021 23:40,Sedan
4465934,01-10-2021 23:42,Sedan
4463285,01-10-2021 23:58,Sedan
4465937,02-10-2021 00:00,Sedan
4465695,02-10-2021 00:00,SUV
4463491,02-10-2021 00:00,SUV
4463881,02-10-2021 00:00,SUV
4463547,02-10-2021 00:00,Sedan
4463639,02-10-2021 00:00,Two Wheeler
4463915,02-10-2021 00:00,SUV
4463637,02-10-2021 00:00,Sedan
4463392,02-10-2021 00:25,Sedan
4463303,02-10-2021 00:27,Taxi
4463684,02-10-2021 00:30,SUV
4463776,02-10-2021 00:30,SUV
4463777,02-10-2021 00:30,Sedan
4463470,02-10-2021 00:32,SUV
4466036,02-10-2021 00:35,Two Wheeler
4464305,02-10-2021 00:39,SUV
4463721,02-10-2021 00:40,SUV
4463763,02-10-2021 00:42,SUV
4464036,02-10-2021 00:45,SUV
4463795,02-10-2021 00:45,Sedan
4464167,02-10-2021 00:50,Sedan
4465832,02-10-2021 01:00,Sedan
4463673,02-10-2021 01:05,SUV
4463667,02-10-2021 01:14,Sedan
4463452,02-10-2021 01:15,Sedan
4463691,02-10-2021 01:20,Sedan
4463603,02-10-2021 01:21,Sedan
4463394,02-10-2021 01:30,Sedan
4463661,02-10-2021 01:30,Sedan
4463937,02-10-2021 01:31,SUV
4463287,02-10-2021 01:41,Sedan
4463804,02-10-2021 01:50,Taxi
4463920,02-10-2021 01:50,Sedan
4463363,02-10-2021 01:56,Sedan
4463289,02-10-2021 02:00,Sedan
4463317,02-10-2021 02:08,Sedan
4464088,02-10-2021 02:10,Sedan
4463867,02-10-2021 02:10,Sedan
4463635,02-10-2021 02:20,SUV
4464303,02-10-2021 02:30,Sedan
4464103,02-10-2021 02:30,Heavy Vehicle
4463934,02-10-2021 02:35,Sedan
4465626,02-10-2021 02:40,Sedan
4463692,02-10-2021 02:45,Sedan
4464086,02-10-2021 02:50,Sedan
4463644,02-10-2021 02:54,Sedan
4464666,02-10-2021 02:56,Two Wheeler
4463476,02-10-2021 03:00,Sedan
4463302,02-10-2021 03:00,Sedan
4463499,02-10-2021 03:00,Sedan
4463288,02-10-2021 03:05,SUV
4463593,02-10-2021 03:10,Sedan
4465530,02-10-2021 03:14,SUV
4465535,02-10-2021 03:35,SUV
4463398,02-10-2021 03:36,Sedan
4463331,02-10-2021 03:45,SUV
4463873,02-10-2021 03:45,Sedan
4463360,02-10-2021 03:50,SUV
4463354,02-10-2021 03:59,Sedan
4463778,02-10-2021 04:00,Sedan
4463722,02-10-2021 04:00,Sedan
4464372,02-10-2021 04:13,Two Wheeler
4463404,02-10-2021 04:14,Sedan
4463364,02-10-2021 04:15,Sedan
4463792,02-10-2021 04:17,Sedan
4464855,02-10-2021 04:19,Sedan
4464231,02-10-2021 04:19,SUV
4463997,02-10-2021 04:23,SUV
4463826,02-10-2021 04:28,Sedan
4463636,02-10-2021 04:30,Sedan
4463859,02-10-2021 04:30,SUV
4463379,02-10-2021 04:30,Taxi
4464563,02-10-2021 04:30,Sedan
4463709,02-10-2021 04:40,Sedan
4463622,02-10-2021 04:40,Sedan
4464230,02-10-2021 04:50,SUV
4463685,02-10-2021 05:00,SUV
4463971,02-10-2021 05:05,SUV
4463503,02-10-2021 05:09,SUV
4463362,02-10-2021 05:20,Sedan
4463921,02-10-2021 05:30,Sedan
4464169,02-10-2021 05:45,SUV
4463948,02-10-2021 06:00,SUV
4464075,02-10-2021 06:00,Sedan
4464466,02-10-2021 06:10,Sedan
4468666,02-10-2021 06:14,Sedan
4463660,02-10-2021 06:15,SUV
4465025,02-10-2021 06:30,Sedan
4463537,02-10-2021 06:30,Sedan
4464160,02-10-2021 06:32,SUV
4464038,02-10-2021 06:33,Sedan
4464142,02-10-2021 06:40,Sedan
4463353,02-10-2021 06:45,Sedan
4471495,02-10-2021 06:50,SUV
4463449,02-10-2021 06:50,SUV
4463663,02-10-2021 06:58,Two Wheeler
4465795,02-10-2021 07:10,Sedan
4465293,02-10-2021 07:30,Sedan
4463351,02-10-2021 07:38,SUV
4463357,02-10-2021 07:43,Sedan
4464729,02-10-2021 07:50,Sedan
4463878,02-10-2021 08:00,Sedan
4464135,02-10-2021 08:00,Commercial Vehicle
4463474,02-10-2021 08:20,SUV
4463880,02-10-2021 08:25,Sedan
4464463,02-10-2021 08:30,SUV
4464144,02-10-2021 08:45,SUV
4463420,02-10-2021 08:45,SUV
4472133,02-10-2021 08:48,SUV
4464328,02-10-2021 09:05,Sedan
4467323,02-10-2021 09:06,Sedan
4468440,02-10-2021 09:32,Sedan
4463645,02-10-2021 09:34,SUV
4464287,02-10-2021 09:40,Sedan
4464147,02-10-2021 09:43,SUV
4463359,02-10-2021 09:45,Two Wheeler
4464447,02-10-2021 09:50,Sedan
4463894,02-10-2021 09:52,SUV
4463928,02-10-2021 10:00,SUV
4463589,02-10-2021 10:00,Heavy Vehicle
4463863,02-10-2021 10:05,Sedan
4464062,02-10-2021 10:18,Sedan
4463662,02-10-2021 10:20,SUV
4463477,02-10-2021 10:40,Two Wheeler
4463458,02-10-2021 10:45,Sedan
4463631,02-10-2021 10:55,Sedan
4465432,02-10-2021 11:00,SUV
4463678,02-10-2021 11:00,Sedan
4463397,02-10-2021 11:00,Sedan
4463642,02-10-2021 11:00,Sedan
4463623,02-10-2021 11:05,SUV
4463396,02-10-2021 11:08,Sedan
4464058,02-10-2021 11:09,Sedan
4463407,02-10-2021 11:14,Fire Engine
4464005,02-10-2021 11:24,Sedan
4464232,02-10-2021 11:30,Sedan
4463448,02-10-2021 11:30,Heavy Vehicle
4463432,02-10-2021 11:35,Sedan
4463933,02-10-2021 11:40,Sedan
4464441,02-10-2021 11:45,SUV
4464315,02-10-2021 11:45,SUV
4467182,02-10-2021 11:50,SUV
4464311,02-10-2021 11:50,SUV
4466156,02-10-2021 11:55,Sedan
4463820,02-10-2021 11:55,Ambulance
4463917,02-10-2021 11:57,SUV
4463643,02-10-2021 11:59,SUV
4464737,02-10-2021 12:00,SUV
4463534,02-10-2021 12:00,Sedan
4463686,02-10-2021 12:00,Sedan
4463693,02-10-2021 12:00,Two Wheeler
4464236,02-10-2021 12:08,Sedan
4464132,02-10-2021 12:10,Sedan
4463559,02-10-2021 12:21,Sedan
4464318,02-10-2021 12:30,SUV
4463563,02-10-2021 12:36,SUV
4463905,02-10-2021 12:40,SUV
4463822,02-10-2021 12:47,SUV
4463453,02-10-2021 12:50,SUV
4463471,02-10-2021 13:00,Sedan
4463991,02-10-2021 13:00,SUV
4463676,02-10-2021 13:14,Sedan
4463794,02-10-2021 13:26,Sedan
4463982,02-10-2021 13:30,Sedan
4466157,02-10-2021 13:37,SUV
4470096,02-10-2021 13:38,SUV
4465598,02-10-2021 13:40,SUV
4464632,02-10-2021 13:40,Sedan
4463550,02-10-2021 13:40,Two Wheeler
4465923,02-10-2021 13:45,SUV
4464237,02-10-2021 13:49,Sedan
4463565,02-10-2021 14:00,Sedan
4464032,02-10-2021 14:11,Sedan
4464197,02-10-2021 14:15,SUV
4463506,02-10-2021 14:20,Two Wheeler
4464438,02-10-2021 14:27,SUV
4463664,02-10-2021 14:30,SUV
4463687,02-10-2021 14:30,Sedan
4463606,02-10-2021 14:34,Sedan
4463598,02-10-2021 14:35,Sedan
4463625,02-10-2021 14:45,Sedan
4463572,02-10-2021 14:57,Sedan
4464314,02-10-2021 15:00,Sedan
4463837,02-10-2021 15:05,Sedan
4463739,02-10-2021 15:15,Sedan
4464198,02-10-2021 15:15,SUV
4464526,02-10-2021 15:26,Two Wheeler
4463864,02-10-2021 15:28,SUV
4464011,02-10-2021 15:30,Sedan
4464146,02-10-2021 15:42,Heavy Vehicle
4465609,02-10-2021 15:45,Sedan
4470331,02-10-2021 15:48,Sedan
4465817,02-10-2021 15:50,Sedan
4464014,02-10-2021 15:55,Sedan
4463906,02-10-2021 15:58,Sedan
4464210,02-10-2021 16:00,Sedan
4463549,02-10-2021 16:00,Two Wheeler
4463528,02-10-2021 16:05,SUV
4463976,02-10-2021 16:10,SUV
4464302,02-10-2021 16:10,Bus
4464013,02-10-2021 16:15,SUV
4463711,02-10-2021 16:18,Sedan
4463544,02-10-2021 16:20,Sedan
4471483,02-10-2021 16:24,Sedan
4463954,02-10-2021 16:24,Sedan
4463584,02-10-2021 16:25,Heavy Vehicle
4463998,02-10-2021 16:35,Two Wheeler
4464097,02-10-2021 16:39,Sedan
4465037,02-10-2021 16:40,Sedan
4463610,02-10-2021 16:41,Taxi
4463885,02-10-2021 16:45,Sedan
4464027,02-10-2021 16:48,SUV
4463595,02-10-2021 16:50,Sedan
4463869,02-10-2021 16:50,Two Wheeler
4464131,02-10-2021 16:57,Sedan
4463671,02-10-2021 17:07,Sedan
4463990,02-10-2021 17:15,Sedan
4463701,02-10-2021 17:20,Sedan
4463939,02-10-2021 17:35,Two Wheeler
4465509,02-10-2021 17:42,SUV
4464582,02-10-2021 17:48,Sedan
4463815,02-10-2021 17:50,Heavy Vehicle
4463569,02-10-2021 17:50,Sedan
4463916,02-10-2021 17:53,SUV
4466005,02-10-2021 18:00,SUV
4463694,02-10-2021 18:00,Sedan
4464439,02-10-2021 18:00,SUV
4463613,02-10-2021 18:00,SUV
4463740,02-10-2021 18:21,Sedan
4463723,02-10-2021 18:30,SUV
4463961,02-10-2021 18:33,Sedan
4464170,02-10-2021 18:42,Sedan
4463870,02-10-2021 18:45,SUV
4463688,02-10-2021 18:47,Heavy Vehicle
4466355,02-10-2021 18:53,SUV
4466183,02-10-2021 18:53,Taxi
4463575,02-10-2021 18:55,Sedan
4463567,02-10-2021 19:00,SUV
4463581,02-10-2021 19:00,Sedan
4467101,02-10-2021 19:05,SUV
4464164,02-10-2021 19:06,SUV
4463666,02-10-2021 19:09,Sedan
4463871,02-10-2021 19:10,Sedan
4463560,02-10-2021 19:12,SUV
4466178,02-10-2021 19:13,Two Wheeler
4464696,02-10-2021 19:15,SUV
4463944,02-10-2021 19:15,Sedan
4463608,02-10-2021 19:15,Taxi
4464069,02-10-2021 19:23,SUV
4463624,02-10-2021 19:26,Sedan
4463724,02-10-2021 19:30,Two Wheeler
4463695,02-10-2021 19:34,Two Wheeler
4463568,02-10-2021 19:35,Taxi
4463929,02-10-2021 19:35,SUV
4463742,02-10-2021 19:45,Two Wheeler
4463592,02-10-2021 19:50,Heavy Vehicle
4463912,02-10-2021 19:50,SUV
4464326,02-10-2021 19:51,SUV
4464905,02-10-2021 19:54,Sedan
4463596,02-10-2021 19:55,Taxi
4469524,02-10-2021 20:00,SUV
4463597,02-10-2021 20:00,SUV
4463605,02-10-2021 20:00,SUV
4464417,02-10-2021 20:00,SUV
4463632,02-10-2021 20:00,Two Wheeler
4464967,02-10-2021 20:15,Sedan
4464037,02-10-2021 20:15,SUV
4463689,02-10-2021 20:15,Two Wheeler
4463648,02-10-2021 20:20,Taxi
4463839,02-10-2021 20:22,Taxi
4465284,02-10-2021 20:30,Sedan
4464060,02-10-2021 20:30,SUV
4463968,02-10-2021 20:30,Sedan
4464136,02-10-2021 20:32,Sedan
4464196,02-10-2021 20:34,SUV
4463604,02-10-2021 20:40,Sedan
4468838,02-10-2021 21:00,SUV
4464224,02-10-2021 21:00,Sedan
4463582,02-10-2021 21:00,Sedan
4464560,02-10-2021 21:00,Two Wheeler
4463725,02-10-2021 21:03,SUV
4463616,02-10-2021 21:04,SUV
4463601,02-10-2021 21:12,SUV
4464199,02-10-2021 21:20,SUV
4464190,02-10-2021 21:20,SUV
4464909,02-10-2021 21:30,Sedan
4464684,02-10-2021 21:30,SUV
4463602,02-10-2021 21:30,SUV
4464033,02-10-2021 21:30,SUV
4463634,02-10-2021 21:30,Sedan
4463654,02-10-2021 21:39,Sedan
4463814,02-10-2021 21:57,Two Wheeler
4466098,02-10-2021 22:00,Two Wheeler
4467878,02-10-2021 22:00,Sedan
4464225,02-10-2021 22:10,SUV
4463612,02-10-2021 22:15,Two Wheeler
4463914,02-10-2021 22:15,SUV
4463828,02-10-2021 22:16,Two Wheeler
4463609,02-10-2021 22:20,Sedan
4463633,02-10-2021 22:21,SUV
4463779,02-10-2021 22:24,SUV
4464179,02-10-2021 22:25,Sedan
4463680,02-10-2021 22:25,Sedan
4465534,02-10-2021 22:30,Sedan
4464371,02-10-2021 22:30,Sedan
4463883,02-10-2021 22:30,Sedan
4464494,02-10-2021 22:30,Sedan
4464065,02-10-2021 22:38,Sedan
4463743,02-10-2021 22:44,Sedan
4463909,02-10-2021 22:45,Heavy Vehicle
4463658,02-10-2021 22:45,Sedan
4464094,02-10-2021 23:00,Sedan
4464092,02-10-2021 23:00,SUV
4463931,02-10-2021 23:00,Sedan
4463949,02-10-2021 23:00,Sedan
4464585,02-10-2021 23:04,SUV
4463887,02-10-2021 23:10,Sedan
4463704,02-10-2021 23:20,Heavy Vehicle
4464255,02-10-2021 23:30,SUV
4469745,02-10-2021 23:35,Two Wheeler
4463726,02-10-2021 23:45,SUV
4463925,02-10-2021 23:45,Sedan
4463874,03-10-2021 00:00,Sedan
4464078,03-10-2021 00:00,Two Wheeler
4464727,03-10-2021 00:00,SUV
4464402,03-10-2021 00:00,Taxi
4464045,03-10-2021 00:04,Heavy Vehicle
4463727,03-10-2021 00:15,SUV
4464344,03-10-2021 00:17,SUV
4463884,03-10-2021 00:48,Sedan
4463901,03-10-2021 00:57,Taxi
4463900,03-10-2021 01:05,Commercial Vehicle
4463935,03-10-2021 01:05,Taxi
4464053,03-10-2021 01:35,SUV
4463655,03-10-2021 01:36,Sedan
4463910,03-10-2021 02:15,SUV
4463970,03-10-2021 02:30,SUV
4463952,03-10-2021 03:00,SUV
4464156,03-10-2021 03:12,Sedan
4463902,03-10-2021 03:17,Sedan
4463744,03-10-2021 03:55,SUV
4463913,03-10-2021 03:55,SUV
4463951,03-10-2021 04:00,Two Wheeler
4463821,03-10-2021 04:00,Sedan
4464057,03-10-2021 04:15,Sedan
4463865,03-10-2021 04:15,Sedan
4464327,03-10-2021 04:25,SUV
4464157,03-10-2021 04:34,Heavy Vehicle
4463992,03-10-2021 04:40,Sedan
4464129,03-10-2021 05:00,Sedan
4465799,03-10-2021 05:10,Sedan
4464424,03-10-2021 05:11,Sedan
4463936,03-10-2021 05:15,SUV
4463946,03-10-2021 05:30,SUV
4468227,03-10-2021 05:34,Taxi
4463924,03-10-2021 05:59,Two Wheeler
4464672,03-10-2021 06:00,SUV
4473700,03-10-2021 06:05,Sedan
4463941,03-10-2021 06:13,Bus
4464374,03-10-2021 06:30,SUV
4464165,03-10-2021 06:30,Sedan
4464208,03-10-2021 06:39,SUV
4463965,03-10-2021 06:39,Sedan
4463993,03-10-2021 06:45,Heavy Vehicle
4463911,03-10-2021 06:50,SUV
4464007,03-10-2021 07:00,Sedan
4463890,03-10-2021 07:00,Sedan
4463955,03-10-2021 07:07,Sedan
4464185,03-10-2021 07:10,SUV
4464250,03-10-2021 07:30,SUV
4467355,03-10-2021 07:33,SUV
4464039,03-10-2021 07:35,Sedan
4464522,03-10-2021 07:39,Bus
4464223,03-10-2021 07:40,SUV
4464378,03-10-2021 07:40,Two Wheeler
4464292,03-10-2021 07:40,Sedan
4463962,03-10-2021 07:45,Bus
4464613,03-10-2021 07:45,SUV
4464112,03-10-2021 07:50,Sedan
4464113,03-10-2021 07:59,SUV
4463996,03-10-2021 08:00,SUV
4463969,03-10-2021 08:00,SUV
4464404,03-10-2021 08:00,Sedan
4464047,03-10-2021 08:00,SUV
4464012,03-10-2021 08:10,Sedan
4464607,03-10-2021 08:15,Sedan
4464495,03-10-2021 08:15,Heavy Vehicle
4465290,03-10-2021 08:25,Two Wheeler
4464043,03-10-2021 08:25,Sedan
4464052,03-10-2021 08:30,Heavy Vehicle
4464395,03-10-2021 08:30,SUV
4464186,03-10-2021 08:30,SUV
4464394,03-10-2021 08:30,SUV
4464288,03-10-2021 08:30,Bus
4464816,03-10-2021 08:30,Heavy Vehicle
4464076,03-10-2021 08:35,Sedan
4464809,03-10-2021 08:42,Bus
4465539,03-10-2021 08:45,SUV
4464068,03-10-2021 09:00,SUV
4464241,03-10-2021 09:04,Sedan
4464690,03-10-2021 09:05,Sedan
4465763,03-10-2021 09:15,Taxi
4464111,03-10-2021 09:19,Two Wheeler
4464163,03-10-2021 09:19,SUV
4465770,03-10-2021 09:20,Sedan
4464363,03-10-2021 09:25,Sedan
4464004,03-10-2021 09:30,SUV
4464205,03-10-2021 09:36,Heavy Vehicle
4465657,03-10-2021 09:45,Sedan
4464051,03-10-2021 09:45,Sedan
4463958,03-10-2021 09:50,Sedan
4464121,03-10-2021 10:00,Sedan
4464243,03-10-2021 10:05,Heavy Vehicle
4465228,03-10-2021 10:11,Sedan
4464233,03-10-2021 10:15,Sedan
4464574,03-10-2021 10:15,SUV
4464382,03-10-2021 10:20,Sedan
4464215,03-10-2021 10:30,Sedan
4463964,03-10-2021 10:30,Sedan
4464321,03-10-2021 10:35,SUV
4464518,03-10-2021 10:40,Two Wheeler
4464724,03-10-2021 10:40,Sedan
4464192,03-10-2021 10:45,Commercial Vehicle
4464392,03-10-2021 10:50,Sedan
4464066,03-10-2021 10:50,Sedan
4464320,03-10-2021 10:52,Sedan
4464431,03-10-2021 11:00,SUV
4464691,03-10-2021 11:00,SUV
4464149,03-10-2021 11:01,SUV
4464899,03-10-2021 11:15,Sedan
4465282,03-10-2021 11:20,Commercial Vehicle
4464612,03-10-2021 11:25,Commercial Vehicle
4464507,03-10-2021 11:30,Sedan
4464221,03-10-2021 11:30,Ambulance
4464260,03-10-2021 11:36,SUV
4464380,03-10-2021 11:50,Two Wheeler
4464675,03-10-2021 11:55,Sedan
4464048,03-10-2021 11:57,SUV
4466894,03-10-2021 12:00,Heavy Vehicle
4464082,03-10-2021 12:00,SUV
4464214,03-10-2021 12:14,SUV
4464262,03-10-2021 12:15,Heavy Vehicle
4463994,03-10-2021 12:15,Sedan
4464056,03-10-2021 12:27,SUV
4465536,03-10-2021 12:30,SUV
4464864,03-10-2021 12:30,Sedan
4464573,03-10-2021 12:30,Two Wheeler
4464383,03-10-2021 12:30,Commercial Vehicle
4464429,03-10-2021 12:45,SUV
4464117,03-10-2021 12:50,Sedan
4466688,03-10-2021 12:55,Two Wheeler
4464089,03-10-2021 13:00,SUV
4465027,03-10-2021 13:04,Taxi
4464289,03-10-2021 13:09,Sedan
4469254,03-10-2021 13:10,Sedan
4464549,03-10-2021 13:18,Sedan
4464061,03-10-2021 13:30,SUV
4464174,03-10-2021 13:30,Sedan
4464555,03-10-2021 13:40,Heavy Vehicle
4465294,03-10-2021 13:45,Sedan
4464166,03-10-2021 13:50,SUV
4464083,03-10-2021 13:55,Two Wheeler
4464793,03-10-2021 14:00,SUV
4464290,03-10-2021 14:00,Heavy Vehicle
4464268,03-10-2021 14:00,SUV
4464356,03-10-2021 14:00,SUV
4464316,03-10-2021 14:02,Taxi
4466461,03-10-2021 14:05,Sedan
4465248,03-10-2021 14:10,Sedan
4464601,03-10-2021 14:15,SUV
4464611,03-10-2021 14:19,Sedan
4465707,03-10-2021 14:20,SUV
4464269,03-10-2021 14:21,SUV
4464209,03-10-2021 14:22,SUV
4464130,03-10-2021 14:30,SUV
4464273,03-10-2021 14:35,Sedan
4464713,03-10-2021 14:45,Bus
4464059,03-10-2021 14:50,SUV
4465685,03-10-2021 15:00,Two Wheeler
4464267,03-10-2021 15:00,Sedan
4464116,03-10-2021 15:00,Ambulance
4464681,03-10-2021 15:00,Sedan
4464187,03-10-2021 15:00,SUV
4465672,03-10-2021 15:14,Two Wheeler
4464536,03-10-2021 15:15,Sedan
4464361,03-10-2021 15:15,Sedan
4464419,03-10-2021 15:15,Sedan
4464104,03-10-2021 15:25,Bus
4472907,03-10-2021 15:27,Sedan
4464216,03-10-2021 15:30,SUV
4464095,03-10-2021 15:31,SUV
4465342,03-10-2021 15:35,Sedan
4464708,03-10-2021 15:37,Sedan
4464559,03-10-2021 15:42,Bus
4464081,03-10-2021 15:45,SUV
4464980,03-10-2021 15:50,SUV
4464730,03-10-2021 15:50,Sedan
4464279,03-10-2021 15:55,Sedan
4464096,03-10-2021 15:57,Sedan
4465340,03-10-2021 15:58,Sedan
4464810,03-10-2021 15:58,Ambulance
4464516,03-10-2021 16:00,Sedan
4464683,03-10-2021 16:00,SUV
4464412,03-10-2021 16:00,Heavy Vehicle
4464253,03-10-2021 16:05,Two Wheeler
4464745,03-10-2021 16:13,SUV
4464245,03-10-2021 16:20,SUV
4464118,03-10-2021 16:25,SUV
4464471,03-10-2021 16:27,Two Wheeler
4468881,03-10-2021 16:30,SUV
4464181,03-10-2021 16:30,Sedan
4464173,03-10-2021 16:30,SUV
4464124,03-10-2021 16:36,Sedan
4465242,03-10-2021 16:39,SUV
4464219,03-10-2021 16:40,SUV
4464217,03-10-2021 16:45,Two Wheeler
4464229,03-10-2021 16:50,Sedan
4464084,03-10-2021 16:50,SUV
4465482,03-10-2021 16:56,Bus
4464264,03-10-2021 17:00,Two Wheeler
4464514,03-10-2021 17:00,SUV
4464517,03-10-2021 17:00,Bus
4464732,03-10-2021 17:00,Two Wheeler
4464299,03-10-2021 17:10,SUV
4471184,03-10-2021 17:20,SUV
4464421,03-10-2021 17:20,Two Wheeler
4464228,03-10-2021 17:20,Two Wheeler
4465008,03-10-2021 17:25,SUV
4464655,03-10-2021 17:30,Sedan
4464265,03-10-2021 17:35,Sedan
4464120,03-10-2021 17:35,SUV
4464114,03-10-2021 17:40,Sedan
4464155,03-10-2021 17:42,Sedan
4464115,03-10-2021 17:50,SUV
4464204,03-10-2021 17:51,Sedan
4464105,03-10-2021 17:55,Sedan
4464922,03-10-2021 17:57,Sedan
4464239,03-10-2021 18:00,Sedan
4464464,03-10-2021 18:00,SUV
4464246,03-10-2021 18:05,Taxi
4464175,03-10-2021 18:10,SUV
4464306,03-10-2021 18:20,SUV
4464276,03-10-2021 18:26,SUV
4466485,03-10-2021 18:30,Heavy Vehicle
4464414,03-10-2021 18:30,Sedan
4464544,03-10-2021 18:35,Sedan
4464244,03-10-2021 18:40,SUV
4464803,03-10-2021 18:42,Sedan
4464444,03-10-2021 18:45,SUV
4464218,03-10-2021 18:50,SUV
4464717,03-10-2021 18:50,Sedan
4464206,03-10-2021 18:57,SUV
4464249,03-10-2021 19:00,Sedan
4464194,03-10-2021 19:00,Sedan
4466673,03-10-2021 19:10,SUV
4464653,03-10-2021 19:14,Sedan
4464258,03-10-2021 19:17,SUV
4465596,03-10-2021 19:20,Sedan
4464177,03-10-2021 19:20,Sedan
4464595,03-10-2021 19:20,Sedan
4464200,03-10-2021 19:28,SUV
4464139,03-10-2021 19:28,Sedan
4464238,03-10-2021 19:30,Heavy Vehicle
4464201,03-10-2021 19:33,SUV
4464428,03-10-2021 19:34,SUV
4464584,03-10-2021 19:35,Two Wheeler
4466806,03-10-2021 19:40,Sedan
4464817,03-10-2021 19:40,SUV
4464377,03-10-2021 19:45,Heavy Vehicle
4464247,03-10-2021 19:46,SUV
4465484,03-10-2021 19:50,Sedan
4464176,03-10-2021 19:55,Sedan
4464125,03-10-2021 19:55,Two Wheeler
4464916,03-10-2021 20:00,Sedan
4464128,03-10-2021 20:00,Sedan
4464749,03-10-2021 20:00,SUV
4464317,03-10-2021 20:06,Two Wheeler
4464202,03-10-2021 20:11,Sedan
4464282,03-10-2021 20:15,SUV
4464266,03-10-2021 20:32,Sedan
4464400,03-10-2021 20:43,Sedan
4464358,03-10-2021 20:45,Sedan
4464679,03-10-2021 20:59,SUV
4465049,03-10-2021 21:00,Sedan
4466266,03-10-2021 21:10,Sedan
4464150,03-10-2021 21:18,SUV
4464291,03-10-2021 21:30,Sedan
4467450,03-10-2021 21:43,SUV
4464396,03-10-2021 21:59,Sedan
4465280,03-10-2021 22:00,SUV
4464991,03-10-2021 22:00,Sedan
4464207,03-10-2021 22:00,SUV
4464610,03-10-2021 22:23,Taxi
4464240,03-10-2021 22:24,SUV
4464304,03-10-2021 22:33,Sedan
4465636,03-10-2021 22:34,Sedan
4465406,03-10-2021 22:36,SUV
4464458,03-10-2021 22:37,Two Wheeler
4465286,03-10-2021 23:00,SUV
4464248,03-10-2021 23:00,SUV
4466535,04-10-2021 00:00,Sedan
4465849,04-10-2021 00:00,Two Wheeler
4465291,04-10-2021 00:00,Two Wheeler
4464589,04-10-2021 00:00,Sedan
4464281,04-10-2021 00:00,SUV
4464510,04-10-2021 00:00,SUV
4464515,04-10-2021 00:00,SUV
4464774,04-10-2021 00:00,SUV
4464301,04-10-2021 00:00,SUV
4464767,04-10-2021 00:00,Sedan
4467238,04-10-2021 00:27,SUV
4464538,04-10-2021 00:40,Sedan
4464360,04-10-2021 00:47,Sedan
4464251,04-10-2021 01:00,Sedan
4464182,04-10-2021 01:30,Sedan
4464294,04-10-2021 02:48,SUV
4464195,04-10-2021 03:00,SUV
4464674,04-10-2021 03:00,Sedan
4464509,04-10-2021 03:06,Two Wheeler
4465777,04-10-2021 04:50,SUV
4464455,04-10-2021 05:05,SUV
4464293,04-10-2021 05:15,Sedan
4464322,04-10-2021 05:18,SUV
4464272,04-10-2021 05:35,SUV
4464947,04-10-2021 05:45,Commercial Vehicle
4464313,04-10-2021 06:07,Sedan
4464300,04-10-2021 06:10,Sedan
4464263,04-10-2021 06:20,Sedan
4464695,04-10-2021 06:25,Sedan
4464897,04-10-2021 06:30,Sedan
4464552,04-10-2021 06:34,Sedan
4465266,04-10-2021 06:40,Sedan
4464656,04-10-2021 06:40,SUV
4464426,04-10-2021 06:40,SUV
4464350,04-10-2021 07:00,SUV
4464660,04-10-2021 07:00,Sedan
4464986,04-10-2021 07:00,SUV
4464362,04-10-2021 07:05,Heavy Vehicle
4464385,04-10-2021 07:05,Sedan
4464997,04-10-2021 07:15,SUV
4464355,04-10-2021 07:20,Sedan
4464329,04-10-2021 07:20,Two Wheeler
4465273,04-10-2021 07:24,SUV
4464678,04-10-2021 07:28,Two Wheeler
4464451,04-10-2021 07:35,SUV
4466203,04-10-2021 07:36,Sedan
4464474,04-10-2021 07:40,Two Wheeler
4464827,04-10-2021 07:46,Sedan
4464324,04-10-2021 07:55,Sedan
4466328,04-10-2021 08:00,SUV
4465727,04-10-2021 08:00,Two Wheeler
4464323,04-10-2021 08:00,Sedan
4464331,04-10-2021 08:00,Sedan
4464335,04-10-2021 08:00,SUV
4464342,04-10-2021 08:01,SUV
4464469,04-10-2021 08:01,Two Wheeler
4464332,04-10-2021 08:04,SUV
4464386,04-10-2021 08:15,Sedan
4464553,04-10-2021 08:15,SUV
4464758,04-10-2021 08:15,SUV
4466728,04-10-2021 08:20,Sedan
4464445,04-10-2021 08:20,Sedan
4464352,04-10-2021 08:23,Sedan
4467004,04-10-2021 08:30,SUV
4466167,04-10-2021 08:30,Heavy Vehicle
4464989,04-10-2021 08:30,Sedan
4464333,04-10-2021 08:35,Taxi
4466121,04-10-2021 08:36,SUV
4464375,04-10-2021 08:37,Heavy Vehicle
4465773,04-10-2021 08:40,Sedan
4464364,04-10-2021 08:40,Sedan
4464341,04-10-2021 08:40,SUV
4464512,04-10-2021 08:40,SUV
4464346,04-10-2021 08:43,SUV
4465775,04-10-2021 08:45,SUV
4464531,04-10-2021 08:45,Sedan
4464422,04-10-2021 08:45,SUV
4466109,04-10-2021 08:50,SUV
4464446,04-10-2021 08:55,Sedan
4470378,04-10-2021 09:00,Sedan
4464418,04-10-2021 09:00,SUV
4464608,04-10-2021 09:00,Sedan
4464700,04-10-2021 09:00,Sedan
4464345,04-10-2021 09:05,Sedan
4464658,04-10-2021 09:05,Heavy Vehicle
4473749,04-10-2021 09:10,Sedan
4466499,04-10-2021 09:10,Sedan
4464337,04-10-2021 09:15,Heavy Vehicle
4465077,04-10-2021 09:17,Sedan
4464722,04-10-2021 09:23,Sedan
4464369,04-10-2021 09:28,Sedan
4465329,04-10-2021 09:30,SUV
4464590,04-10-2021 09:30,Two Wheeler
4464387,04-10-2021 09:30,SUV
4464407,04-10-2021 09:32,SUV
4464349,04-10-2021 09:45,Commercial Vehicle
4464537,04-10-2021 09:50,Sedan
4465678,04-10-2021 09:55,Sedan
4464420,04-10-2021 09:55,SUV
4464591,04-10-2021 09:59,SUV
4468258,04-10-2021 10:00,Sedan
4466445,04-10-2021 10:00,SUV
4465729,04-10-2021 10:00,Taxi
4465251,04-10-2021 10:00,Heavy Vehicle
4464436,04-10-2021 10:00,Sedan
4464348,04-10-2021 10:00,SUV
4464554,04-10-2021 10:00,Two Wheeler
4464508,04-10-2021 10:05,SUV
4464354,04-10-2021 10:17,Sedan
4464956,04-10-2021 10:26,Heavy Vehicle
4464815,04-10-2021 10:30,Sedan
4464339,04-10-2021 10:30,SUV
4464557,04-10-2021 10:37,Sedan
4464368,04-10-2021 10:38,SUV
4464410,04-10-2021 10:42,SUV
4464829,04-10-2021 10:51,Sedan
4464644,04-10-2021 11:00,Sedan
4466765,04-10-2021 11:00,Sedan
4464427,04-10-2021 11:00,SUV
4464764,04-10-2021 11:08,Sedan
4464401,04-10-2021 11:09,SUV
4464413,04-10-2021 11:10,SUV
4464477,04-10-2021 11:15,Sedan
4464365,04-10-2021 11:25,SUV
4464846,04-10-2021 11:30,Bus
4464519,04-10-2021 11:35,Ambulance
4464621,04-10-2021 12:00,Heavy Vehicle
4464393,04-10-2021 12:00,Sedan
4464366,04-10-2021 12:01,Sedan
4464633,04-10-2021 12:07,Sedan
4464476,04-10-2021 12:15,Heavy Vehicle
4464379,04-10-2021 12:15,Heavy Vehicle
4464657,04-10-2021 12:15,Heavy Vehicle
4465378,04-10-2021 12:19,Sedan
4467856,04-10-2021 12:25,Sedan
4464540,04-10-2021 12:30,SUV
4464479,04-10-2021 12:30,SUV
4464640,04-10-2021 12:30,SUV
4464390,04-10-2021 12:35,SUV
4465177,04-10-2021 12:43,Heavy Vehicle
4464564,04-10-2021 12:43,Sedan
4470888,04-10-2021 12:45,Heavy Vehicle
4464416,04-10-2021 12:50,SUV
4465461,04-10-2021 13:00,Sedan
4464389,04-10-2021 13:00,Sedan
4464406,04-10-2021 13:00,Sedan
4464423,04-10-2021 13:10,Sedan
4464409,04-10-2021 13:13,Sedan
4464572,04-10-2021 13:15,Commercial Vehicle
4470070,04-10-2021 13:18,SUV
4464449,04-10-2021 13:33,Sedan
4464489,04-10-2021 13:35,SUV
4464408,04-10-2021 13:43,SUV
4464618,04-10-2021 13:45,Sedan
4464452,04-10-2021 13:47,Sedan
4466119,04-10-2021 14:00,Sedan
4465203,04-10-2021 14:00,Heavy Vehicle
4464501,04-10-2021 14:00,Heavy Vehicle
4465281,04-10-2021 14:05,Sedan
4464497,04-10-2021 14:12,SUV
4464532,04-10-2021 14:15,Sedan
4466452,04-10-2021 14:25,Sedan
4464697,04-10-2021 14:26,Bus
4464581,04-10-2021 14:27,Sedan
4467930,04-10-2021 14:30,Sedan
4465381,04-10-2021 14:30,Taxi
4464944,04-10-2021 14:30,Sedan
4464496,04-10-2021 14:30,Heavy Vehicle
4464603,04-10-2021 14:30,Sedan
4464701,04-10-2021 14:30,Sedan
4464535,04-10-2021 14:30,Sedan
4467137,04-10-2021 14:33,Sedan
4464565,04-10-2021 14:45,Sedan
4464500,04-10-2021 14:45,SUV
4464478,04-10-2021 14:49,SUV
4464435,04-10-2021 14:50,SUV
4464411,04-10-2021 14:57,Two Wheeler
4464592,04-10-2021 14:57,SUV
4466096,04-10-2021 14:58,Two Wheeler
4464457,04-10-2021 15:00,Sedan
4465941,04-10-2021 15:00,Sedan
4465648,04-10-2021 15:00,SUV
4467249,04-10-2021 15:05,Sedan
4466473,04-10-2021 15:08,SUV
4464433,04-10-2021 15:10,Sedan
4464470,04-10-2021 15:15,Sedan
4464958,04-10-2021 15:15,Bus
4464845,04-10-2021 15:15,Sedan
4464505,04-10-2021 15:15,SUV
4464443,04-10-2021 15:16,Sedan
4464520,04-10-2021 15:20,Sedan
4465007,04-10-2021 15:21,Sedan
4464880,04-10-2021 15:28,SUV
4464576,04-10-2021 15:30,Heavy Vehicle
4464917,04-10-2021 15:30,SUV
4466140,04-10-2021 15:40,Sedan
4464528,04-10-2021 15:40,SUV
4464782,04-10-2021 15:45,Heavy Vehicle
4464453,04-10-2021 15:45,SUV
4464596,04-10-2021 15:47,Sedan
4465976,04-10-2021 15:50,Sedan
4464866,04-10-2021 15:50,SUV
4465006,04-10-2021 15:51,Two Wheeler
4464530,04-10-2021 15:53,Heavy Vehicle
4468046,04-10-2021 15:54,Sedan
4464498,04-10-2021 16:00,Sedan
4464786,04-10-2021 16:04,SUV
4464832,04-10-2021 16:11,Taxi
4464583,04-10-2021 16:15,Sedan
4466118,04-10-2021 16:17,Sedan
4465684,04-10-2021 16:19,Sedan
4466285,04-10-2021 16:20,Two Wheeler
4464533,04-10-2021 16:20,SUV
4465569,04-10-2021 16:25,Sedan
4464450,04-10-2021 16:30,SUV
4467059,04-10-2021 16:33,Two Wheeler
4464673,04-10-2021 16:35,Heavy Vehicle
4464694,04-10-2021 16:45,SUV
4464627,04-10-2021 16:48,SUV
4465417,04-10-2021 16:50,SUV
4464546,04-10-2021 16:51,SUV
4464567,04-10-2021 16:58,Commercial Vehicle
4464628,04-10-2021 16:58,SUV
4464775,04-10-2021 17:00,Sedan
4464638,04-10-2021 17:00,Bus
4464571,04-10-2021 17:00,Sedan
4464521,04-10-2021 17:00,SUV
4464706,04-10-2021 17:00,SUV
4465052,04-10-2021 17:10,SUV
4464448,04-10-2021 17:14,SUV
4464676,04-10-2021 17:20,Sedan
4464488,04-10-2021 17:23,SUV
4464561,04-10-2021 17:25,SUV
4464746,04-10-2021 17:25,SUV
4464580,04-10-2021 17:29,Sedan
4464624,04-10-2021 17:30,Sedan
4464645,04-10-2021 17:30,SUV
4468737,04-10-2021 17:35,Sedan
4464481,04-10-2021 17:38,Sedan
4465279,04-10-2021 17:39,SUV
4464733,04-10-2021 17:43,Sedan
4464650,04-10-2021 17:45,SUV
4464566,04-10-2021 17:46,Sedan
4466554,04-10-2021 17:52,Taxi
4464609,04-10-2021 17:55,Sedan
4465173,04-10-2021 18:00,Heavy Vehicle
4464688,04-10-2021 18:00,Sedan
4464811,04-10-2021 18:00,Sedan
4464587,04-10-2021 18:00,Sedan
4464723,04-10-2021 18:08,SUV
4464692,04-10-2021 18:10,SUV
4465226,04-10-2021 18:15,Sedan
4464473,04-10-2021 18:17,Sedan
4464598,04-10-2021 18:24,SUV
4466175,04-10-2021 18:30,Sedan
4466781,04-10-2021 18:37,SUV
4464619,04-10-2021 18:40,SUV
4464826,04-10-2021 18:40,Sedan
4464575,04-10-2021 18:41,Two Wheeler
4464698,04-10-2021 18:42,Sedan
4464456,04-10-2021 18:45,Sedan
4464485,04-10-2021 18:52,Taxi
4466820,04-10-2021 19:00,SUV
4464748,04-10-2021 19:00,Two Wheeler
4464499,04-10-2021 19:10,Sedan
4466139,04-10-2021 19:15,Sedan
4464460,04-10-2021 19:18,Sedan
4464529,04-10-2021 19:30,Heavy Vehicle
4464668,04-10-2021 19:30,SUV
4464527,04-10-2021 19:35,Sedan
4464597,04-10-2021 19:40,Sedan
4464642,04-10-2021 19:45,Sedan
4464534,04-10-2021 19:50,SUV
4464487,04-10-2021 19:50,Taxi
4464852,04-10-2021 19:50,Sedan
4464547,04-10-2021 19:57,Ambulance
4465939,04-10-2021 19:58,Sedan
4466540,04-10-2021 20:00,Sedan
4465275,04-10-2021 20:00,SUV
4465345,04-10-2021 20:00,Sedan
4464886,04-10-2021 20:00,Two Wheeler
4464568,04-10-2021 20:10,SUV
4464883,04-10-2021 20:15,Sedan
4464550,04-10-2021 20:40,Heavy Vehicle
4464741,04-10-2021 20:40,Sedan
4464812,04-10-2021 20:45,Sedan
4464513,04-10-2021 20:50,SUV
4464875,04-10-2021 20:50,Two Wheeler
4467024,04-10-2021 21:00,Sedan
4464699,04-10-2021 21:02,Sedan
4464823,04-10-2021 21:25,SUV
4464524,04-10-2021 21:27,Heavy Vehicle
4464680,04-10-2021 21:29,SUV
4464586,04-10-2021 21:30,Sedan
4465053,04-10-2021 21:45,Sedan
4467472,04-10-2021 22:00,SUV
4466574,04-10-2021 22:00,SUV
4465288,04-10-2021 22:00,Sedan
4464625,04-10-2021 22:00,SUV
4464502,04-10-2021 22:15,Sedan
4465046,04-10-2021 22:45,Sedan
4464858,04-10-2021 22:52,SUV
4465462,04-10-2021 22:53,Sedan
4464491,04-10-2021 23:00,SUV
4465292,04-10-2021 23:01,SUV
4465663,04-10-2021 23:10,Sedan
4464693,04-10-2021 23:13,SUV
4464562,04-10-2021 23:14,Two Wheeler
4465735,04-10-2021 23:20,Sedan
4465015,04-10-2021 23:20,Taxi
4464593,04-10-2021 23:40,SUV
4467362,04-10-2021 23:45,SUV
4464606,04-10-2021 23:46,Sedan
4464570,04-10-2021 23:50,SUV
4466558,05-10-2021 00:00,Sedan
4464753,05-10-2021 00:00,Sedan
4464594,05-10-2021 00:00,SUV
4465009,05-10-2021 00:00,Taxi
4464903,05-10-2021 00:00,Sedan
4471352,05-10-2021 00:01,SUV
4468235,05-10-2021 00:05,Two Wheeler
4466486,05-10-2021 00:05,Sedan
4464935,05-10-2021 00:09,Sedan
4464579,05-10-2021 00:09,Two Wheeler
4465042,05-10-2021 00:20,Sedan
4468623,05-10-2021 00:45,SUV
4464750,05-10-2021 00:45,Sedan
4464588,05-10-2021 00:48,Sedan
4465078,05-10-2021 00:50,Sedan
4464511,05-10-2021 00:55,Sedan
4464778,05-10-2021 00:57,Sedan
4465780,05-10-2021 01:30,Commercial Vehicle
4464569,05-10-2021 02:57,Sedan
4464629,05-10-2021 03:05,Sedan
4464599,05-10-2021 04:00,Sedan
4464600,05-10-2021 04:30,Ambulance
4466522,05-10-2021 05:10,Sedan
4470783,05-10-2021 06:00,SUV
4464761,05-10-2021 06:00,Sedan
4465632,05-10-2021 06:10,SUV
4464725,05-10-2021 06:14,Sedan
4466478,05-10-2021 06:15,Sedan
4464752,05-10-2021 06:15,Sedan
4465715,05-10-2021 06:16,Sedan
4465055,05-10-2021 06:30,SUV
4465054,05-10-2021 06:55,Sedan
4469596,05-10-2021 07:00,SUV
4468885,05-10-2021 07:00,Bus
4466361,05-10-2021 07:03,SUV
4464734,05-10-2021 07:09,Sedan
4464710,05-10-2021 07:10,Sedan
4464705,05-10-2021 07:15,Sedan
4464639,05-10-2021 07:20,Sedan
4464719,05-10-2021 07:29,SUV
4464703,05-10-2021 07:30,Sedan
4464992,05-10-2021 07:34,SUV
4464721,05-10-2021 07:45,SUV
4464637,05-10-2021 07:50,SUV
4464711,05-10-2021 07:50,Sedan
4464646,05-10-2021 07:50,SUV
4464720,05-10-2021 07:55,SUV
4465012,05-10-2021 08:00,Sedan
4465274,05-10-2021 08:00,Sedan
4465062,05-10-2021 08:04,Heavy Vehicle
4468502,05-10-2021 08:10,Two Wheeler
4465521,05-10-2021 08:10,SUV
4464847,05-10-2021 08:12,Sedan
4464780,05-10-2021 08:25,SUV
4465762,05-10-2021 08:25,Two Wheeler
4464709,05-10-2021 08:29,Sedan
4465172,05-10-2021 08:30,Sedan
4464759,05-10-2021 08:30,SUV
4464718,05-10-2021 08:33,Sedan
4465782,05-10-2021 08:45,Sedan
4466487,05-10-2021 08:50,SUV
4466046,05-10-2021 09:00,Sedan
4464839,05-10-2021 09:10,Sedan
4464901,05-10-2021 09:12,SUV
4465043,05-10-2021 09:15,SUV
4464754,05-10-2021 09:16,Heavy Vehicle
4464685,05-10-2021 09:20,SUV
4464797,05-10-2021 09:25,Heavy Vehicle
4464704,05-10-2021 09:28,Sedan
4464677,05-10-2021 09:35,SUV
4464757,05-10-2021 09:49,Heavy Vehicle
4465019,05-10-2021 09:56,Heavy Vehicle
4465157,05-10-2021 10:00,SUV
4464902,05-10-2021 10:00,SUV
4466002,05-10-2021 10:00,Taxi
4465236,05-10-2021 10:00,Taxi
4464662,05-10-2021 10:00,Heavy Vehicle
4464796,05-10-2021 10:08,Sedan
4464747,05-10-2021 10:08,Sedan
4464702,05-10-2021 10:12,SUV
4464714,05-10-2021 10:15,SUV
4464882,05-10-2021 10:23,SUV
4464728,05-10-2021 10:30,SUV
4464820,05-10-2021 10:30,SUV
4464735,05-10-2021 10:35,SUV
4467589,05-10-2021 10:53,SUV
4466919,05-10-2021 10:55,SUV
4464836,05-10-2021 11:00,SUV
4465616,05-10-2021 11:05,Sedan
4465047,05-10-2021 11:07,Sedan
4466465,05-10-2021 11:15,SUV
4464743,05-10-2021 11:23,SUV
4464707,05-10-2021 11:30,Sedan
4464822,05-10-2021 11:45,Sedan
4464853,05-10-2021 12:00,Sedan
4464928,05-10-2021 12:00,SUV
4465278,05-10-2021 12:00,Bus
4466488,05-10-2021 12:05,SUV
4465343,05-10-2021 12:10,Sedan
4464716,05-10-2021 12:30,Sedan
4465470,05-10-2021 12:45,SUV
4465772,05-10-2021 12:47,SUV
4464751,05-10-2021 12:50,Two Wheeler
4464742,05-10-2021 12:52,Sedan
4464938,05-10-2021 12:54,Bus
4464770,05-10-2021 12:55,Sedan
4464744,05-10-2021 12:58,Taxi
4464756,05-10-2021 13:00,SUV
4465771,05-10-2021 13:00,SUV
4465225,05-10-2021 13:08,Two Wheeler
4464740,05-10-2021 13:10,Sedan
4464915,05-10-2021 13:12,Bus
4464895,05-10-2021 13:15,SUV
4468614,05-10-2021 13:25,Sedan
4464876,05-10-2021 13:25,Sedan
4464863,05-10-2021 13:30,SUV
4465056,05-10-2021 13:39,SUV
4464739,05-10-2021 13:40,SUV
4467336,05-10-2021 13:45,Sedan
4466808,05-10-2021 13:48,Sedan
4464798,05-10-2021 13:53,SUV
4464783,05-10-2021 14:00,Sedan
4467344,05-10-2021 14:05,Sedan
4464913,05-10-2021 14:06,Sedan
4465058,05-10-2021 14:10,Ambulance
4464848,05-10-2021 14:25,Sedan
4468295,05-10-2021 14:30,Bus
4465631,05-10-2021 14:30,Sedan
4465297,05-10-2021 14:37,Heavy Vehicle
4464828,05-10-2021 14:42,Sedan
4466836,05-10-2021 14:45,SUV
4470008,05-10-2021 14:50,Sedan
4465352,05-10-2021 14:50,Sedan
4464781,05-10-2021 14:50,SUV
4467089,05-10-2021 14:55,Heavy Vehicle
4467451,05-10-2021 14:58,Sedan
4464851,05-10-2021 14:58,Sedan
4464940,05-10-2021 15:00,SUV
4464877,05-10-2021 15:05,Sedan
4465204,05-10-2021 15:05,Bus
4466174,05-10-2021 15:10,SUV
4464968,05-10-2021 15:10,Taxi
4464943,05-10-2021 15:15,Two Wheeler
4465104,05-10-2021 15:15,Sedan
4464773,05-10-2021 15:28,Sedan
4464784,05-10-2021 15:30,Sedan
4464771,05-10-2021 15:30,SUV
4464789,05-10-2021 15:30,Bus
4464755,05-10-2021 15:30,Sedan
4464912,05-10-2021 15:30,Two Wheeler
4464792,05-10-2021 15:40,Sedan
4464911,05-10-2021 15:45,SUV
4464787,05-10-2021 15:45,SUV
4466952,05-10-2021 15:55,Sedan
4465231,05-10-2021 16:00,Sedan
4464929,05-10-2021 16:00,Sedan
4465655,05-10-2021 16:07,SUV
4465151,05-10-2021 16:12,SUV
4468865,05-10-2021 16:13,SUV
4464825,05-10-2021 16:15,Sedan
4464769,05-10-2021 16:18,Sedan
4465125,05-10-2021 16:30,Sedan
4465148,05-10-2021 16:30,SUV
4465257,05-10-2021 16:37,SUV
4464934,05-10-2021 16:40,Sedan
4464933,05-10-2021 16:40,SUV
4465036,05-10-2021 16:42,Sedan
4467881,05-10-2021 16:44,Two Wheeler
4464760,05-10-2021 16:45,SUV
4464867,05-10-2021 16:50,Heavy Vehicle
4465915,05-10-2021 16:56,SUV
4466489,05-10-2021 17:00,Heavy Vehicle
4464772,05-10-2021 17:00,SUV
4464788,05-10-2021 17:00,SUV
4465016,05-10-2021 17:00,SUV
4464918,05-10-2021 17:11,Sedan
4465656,05-10-2021 17:13,Sedan
4464878,05-10-2021 17:19,Bus
4464807,05-10-2021 17:20,SUV
4466194,05-10-2021 17:23,Sedan
4464791,05-10-2021 17:25,Sedan
4464799,05-10-2021 17:30,Heavy Vehicle
4465720,05-10-2021 17:35,Sedan
4464840,05-10-2021 17:38,Two Wheeler
4465344,05-10-2021 17:38,Sedan
4465030,05-10-2021 17:39,Two Wheeler
4464965,05-10-2021 17:39,SUV
4465994,05-10-2021 17:39,Two Wheeler
4464868,05-10-2021 17:47,SUV
4464795,05-10-2021 17:50,Sedan
4465351,05-10-2021 17:55,SUV
4464881,05-10-2021 17:56,Sedan
4464872,05-10-2021 17:57,Sedan
4464893,05-10-2021 18:00,Sedan
4464790,05-10-2021 18:00,Sedan
4465825,05-10-2021 18:15,Two Wheeler
4464833,05-10-2021 18:15,SUV
4464914,05-10-2021 18:15,Sedan
4464768,05-10-2021 18:16,Sedan
4464844,05-10-2021 18:17,Sedan
4465014,05-10-2021 18:30,Bus
4465117,05-10-2021 18:30,Sedan
4465270,05-10-2021 18:30,SUV
4465916,05-10-2021 18:36,Sedan
4464776,05-10-2021 18:42,Sedan
4465057,05-10-2021 18:45,SUV
4465146,05-10-2021 18:49,Sedan
4464990,05-10-2021 18:50,SUV
4464960,05-10-2021 18:50,Sedan
4464818,05-10-2021 19:00,SUV
4465048,05-10-2021 19:00,Sedan
4464835,05-10-2021 19:05,Sedan
4465114,05-10-2021 19:06,Taxi
4465063,05-10-2021 19:11,SUV
4466532,05-10-2021 19:15,SUV
4465022,05-10-2021 19:17,Sedan
4466660,05-10-2021 19:20,Commercial Vehicle
4465755,05-10-2021 19:20,Two Wheeler
4464906,05-10-2021 19:23,Two Wheeler
4465156,05-10-2021 19:35,Two Wheeler
4465358,05-10-2021 19:40,Sedan
4464921,05-10-2021 19:41,Sedan
4465082,05-10-2021 19:50,SUV
4465023,05-10-2021 19:55,Two Wheeler
4465956,05-10-2021 20:00,SUV
4464920,05-10-2021 20:00,SUV
4464885,05-10-2021 20:00,Sedan
4465075,05-10-2021 20:04,Sedan
4465145,05-10-2021 20:07,SUV
4465136,05-10-2021 20:13,Sedan
4466122,05-10-2021 20:15,Sedan
4465679,05-10-2021 20:20,SUV
4467213,05-10-2021 20:30,Heavy Vehicle
4465348,05-10-2021 20:34,Sedan
4465494,05-10-2021 20:36,SUV
4464805,05-10-2021 20:38,Sedan
4464856,05-10-2021 20:39,Sedan
4464830,05-10-2021 20:54,Heavy Vehicle
4464819,05-10-2021 20:55,SUV
4464873,05-10-2021 20:55,Sedan
4465090,05-10-2021 20:56,Sedan
4464802,05-10-2021 21:00,Sedan
4464841,05-10-2021 21:00,Sedan
4465139,05-10-2021 21:20,SUV
4464937,05-10-2021 21:22,SUV
4465240,05-10-2021 21:30,Sedan
4465554,05-10-2021 21:35,Sedan
4465118,05-10-2021 21:41,Sedan
4464860,05-10-2021 21:48,Heavy Vehicle
4465144,05-10-2021 21:57,Two Wheeler
4470733,05-10-2021 22:00,Taxi
4469435,05-10-2021 22:10,SUV
4464907,05-10-2021 22:11,Taxi
4465234,05-10-2021 22:21,SUV
4464908,05-10-2021 22:51,SUV
4464925,05-10-2021 23:00,Sedan
4464831,05-10-2021 23:00,Sedan
4465068,05-10-2021 23:00,Sedan
4464942,05-10-2021 23:05,Sedan
4465092,05-10-2021 23:12,Taxi
4465479,05-10-2021 23:15,SUV
4464857,05-10-2021 23:34,SUV
4465230,06-10-2021 00:00,Sedan
4465038,06-10-2021 00:00,SUV
4464904,06-10-2021 00:00,Sedan
4464837,06-10-2021 00:00,Two Wheeler
4465137,06-10-2021 00:00,SUV
4465371,06-10-2021 00:08,Two Wheeler
4469941,06-10-2021 00:28,Sedan
4466162,06-10-2021 00:33,SUV
4466908,06-10-2021 00:45,Sedan
4464874,06-10-2021 00:50,Sedan
4464896,06-10-2021 00:50,Two Wheeler
4464923,06-10-2021 00:56,Sedan
4465111,06-10-2021 01:21,SUV
4464849,06-10-2021 01:50,SUV
4465373,06-10-2021 02:04,SUV
4464870,06-10-2021 02:15,SUV
4464926,06-10-2021 02:17,Two Wheeler
4464859,06-10-2021 02:45,Sedan
4465166,06-10-2021 03:25,SUV
4465784,06-10-2021 03:45,Sedan
4465721,06-10-2021 03:53,Sedan
4464862,06-10-2021 04:25,SUV
4468735,06-10-2021 04:32,Sedan
4465537,06-10-2021 05:00,Sedan
4464887,06-10-2021 05:05,SUV
4464892,06-10-2021 05:10,SUV
4464850,06-10-2021 05:30,Sedan
4465188,06-10-2021 05:34,Sedan
4464900,06-10-2021 05:47,Bus
4464919,06-10-2021 06:17,Sedan
4465730,06-10-2021 06:20,SUV
4465464,06-10-2021 06:20,Heavy Vehicle
4464945,06-10-2021 06:25,Bus
4465451,06-10-2021 06:30,Sedan
4465725,06-10-2021 06:40,SUV
4464963,06-10-2021 06:40,Heavy Vehicle
4464981,06-10-2021 07:00,Sedan
4469609,06-10-2021 07:00,Sedan
4465084,06-10-2021 07:00,SUV
4464983,06-10-2021 07:03,Sedan
4465064,06-10-2021 07:04,Sedan
4466288,06-10-2021 07:10,Sedan
4465585,06-10-2021 07:10,SUV
4467408,06-10-2021 07:45,SUV
4465300,06-10-2021 07:50,Commercial Vehicle
4465565,06-10-2021 07:51,Sedan
4465152,06-10-2021 07:55,Sedan
4464932,06-10-2021 07:58,SUV
4466189,06-10-2021 08:00,SUV
4464966,06-10-2021 08:00,Sedan
4465154,06-10-2021 08:00,Sedan
4464962,06-10-2021 08:00,Sedan
4465995,06-10-2021 08:00,SUV
4464985,06-10-2021 08:03,SUV
4464998,06-10-2021 08:05,Sedan
4465083,06-10-2021 08:10,Sedan
4464978,06-10-2021 08:15,Heavy Vehicle
4465366,06-10-2021 08:15,Sedan
4465974,06-10-2021 08:19,Bus
4465059,06-10-2021 08:20,Sedan
4464993,06-10-2021 08:20,SUV
4465714,06-10-2021 08:27,Commercial Vehicle
4464984,06-10-2021 08:29,Sedan
4464996,06-10-2021 08:30,Sedan
4464995,06-10-2021 08:30,SUV
4467452,06-10-2021 08:35,SUV
4464931,06-10-2021 08:35,SUV
4464972,06-10-2021 08:40,SUV
4464941,06-10-2021 08:40,Bus
4464964,06-10-2021 08:45,Sedan
4465238,06-10-2021 08:46,Sedan
4468922,06-10-2021 08:52,SUV
4465441,06-10-2021 09:00,Sedan
4464973,06-10-2021 09:00,SUV
4464976,06-10-2021 09:00,SUV
4465060,06-10-2021 09:00,Heavy Vehicle
4464979,06-10-2021 09:00,Two Wheeler
4465829,06-10-2021 09:00,Sedan
4465174,06-10-2021 09:01,Sedan
4464961,06-10-2021 09:05,Heavy Vehicle
4464982,06-10-2021 09:05,SUV
4465793,06-10-2021 09:05,Sedan
4465258,06-10-2021 09:06,Sedan
4466386,06-10-2021 09:15,Sedan
4466387,06-10-2021 09:27,Sedan
4464971,06-10-2021 09:30,SUV
4465001,06-10-2021 09:30,Sedan
4464999,06-10-2021 09:30,SUV
4464974,06-10-2021 09:30,SUV
4466437,06-10-2021 09:45,SUV
4464957,06-10-2021 09:46,Two Wheeler
4467127,06-10-2021 09:50,Sedan
4465149,06-10-2021 09:50,Sedan
4465147,06-10-2021 09:50,Sedan
4464959,06-10-2021 09:51,Heavy Vehicle
4464977,06-10-2021 09:53,Sedan
4465004,06-10-2021 09:55,Sedan
4464970,06-10-2021 10:00,Heavy Vehicle
4465996,06-10-2021 10:00,Sedan
4465232,06-10-2021 10:01,Sedan
4465094,06-10-2021 10:08,Sedan
4465181,06-10-2021 10:09,Sedan
4465651,06-10-2021 10:15,SUV
4465256,06-10-2021 10:20,Sedan
4465155,06-10-2021 10:22,Sedan
4464949,06-10-2021 10:25,Sedan
4465116,06-10-2021 10:28,Heavy Vehicle
4465018,06-10-2021 10:30,SUV
4464950,06-10-2021 10:30,SUV
4465107,06-10-2021 10:30,Heavy Vehicle
4465113,06-10-2021 10:30,Commercial Vehicle
4466181,06-10-2021 10:35,SUV
4465108,06-10-2021 10:35,SUV
4465120,06-10-2021 10:40,Sedan
4465276,06-10-2021 10:40,SUV
4464946,06-10-2021 10:44,SUV
4468031,06-10-2021 10:50,Two Wheeler
4465044,06-10-2021 10:52,Sedan
4465481,06-10-2021 10:55,Sedan
4465719,06-10-2021 10:55,Two Wheeler
4465287,06-10-2021 11:00,SUV
4465697,06-10-2021 11:00,Two Wheeler
4465243,06-10-2021 11:00,Heavy Vehicle
4465241,06-10-2021 11:00,SUV
4465186,06-10-2021 11:05,Heavy Vehicle
4465189,06-10-2021 11:26,Sedan
4466385,06-10-2021 11:30,SUV
4465906,06-10-2021 11:30,SUV
4464975,06-10-2021 11:35,Sedan
4465652,06-10-2021 11:38,Two Wheeler
4465827,06-10-2021 11:40,Sedan
4464969,06-10-2021 11:40,Taxi
4465024,06-10-2021 11:50,Sedan
4466774,06-10-2021 11:54,Sedan
4465010,06-10-2021 12:00,Sedan
4465032,06-10-2021 12:06,SUV
4465183,06-10-2021 12:07,SUV
4466891,06-10-2021 12:20,Heavy Vehicle
4465828,06-10-2021 12:25,SUV
4465168,06-10-2021 12:28,Sedan
4465045,06-10-2021 12:30,SUV
4465647,06-10-2021 12:30,Sedan
4465011,06-10-2021 12:37,SUV
4465803,06-10-2021 12:37,Sedan
4467258,06-10-2021 12:45,SUV
4465620,06-10-2021 12:51,Two Wheeler
4465202,06-10-2021 12:55,Sedan
4466388,06-10-2021 12:57,Sedan
4465182,06-10-2021 13:00,SUV
4467197,06-10-2021 13:10,Heavy Vehicle
4465263,06-10-2021 13:18,SUV
4466131,06-10-2021 13:20,Sedan
4466137,06-10-2021 13:30,SUV
4465112,06-10-2021 13:30,Sedan
4465035,06-10-2021 13:30,Sedan
4465749,06-10-2021 13:30,SUV
4466896,06-10-2021 13:31,Heavy Vehicle
4465201,06-10-2021 13:35,Sedan
4465754,06-10-2021 13:40,Heavy Vehicle
4465175,06-10-2021 13:45,Commercial Vehicle
4465005,06-10-2021 13:45,SUV
4464994,06-10-2021 13:45,SUV
4465143,06-10-2021 13:50,Sedan
4466466,06-10-2021 14:00,Two Wheeler
4465096,06-10-2021 14:00,SUV
4465142,06-10-2021 14:09,SUV
4467533,06-10-2021 14:15,Commercial Vehicle
4465650,06-10-2021 14:18,SUV
4465085,06-10-2021 14:25,Sedan
4466153,06-10-2021 14:27,Sedan
4465086,06-10-2021 14:30,SUV
4465160,06-10-2021 14:30,SUV
4465197,06-10-2021 14:30,Sedan
4465267,06-10-2021 14:30,SUV
4466438,06-10-2021 14:40,SUV
4465659,06-10-2021 14:42,Sedan
4465979,06-10-2021 14:44,Heavy Vehicle
4465843,06-10-2021 14:45,Heavy Vehicle
4465318,06-10-2021 14:47,Two Wheeler
4466112,06-10-2021 14:50,SUV
4465140,06-10-2021 14:50,SUV
4465757,06-10-2021 14:50,Taxi
4465187,06-10-2021 14:50,SUV
4465239,06-10-2021 14:52,Taxi
4465119,06-10-2021 14:52,Sedan
4466172,06-10-2021 14:55,Heavy Vehicle
4465262,06-10-2021 14:56,Sedan
4465017,06-10-2021 14:59,Sedan
4465305,06-10-2021 15:05,Ambulance
4465105,06-10-2021 15:09,SUV
4465128,06-10-2021 15:10,Sedan
4465935,06-10-2021 15:10,Taxi
4465752,06-10-2021 15:10,Sedan
4465051,06-10-2021 15:15,Bus
4465141,06-10-2021 15:15,Sedan
4468055,06-10-2021 15:20,Heavy Vehicle
4465319,06-10-2021 15:20,Bus
4465050,06-10-2021 15:20,SUV
4465061,06-10-2021 15:25,SUV
4468700,06-10-2021 15:30,Sedan
4466602,06-10-2021 15:30,Sedan
4465071,06-10-2021 15:30,Two Wheeler
4465611,06-10-2021 15:30,Taxi
4465029,06-10-2021 15:30,SUV
4465041,06-10-2021 15:35,Two Wheeler
4465013,06-10-2021 15:35,Bus
4465469,06-10-2021 15:40,Sedan
4467422,06-10-2021 15:45,Sedan
4465080,06-10-2021 15:47,Two Wheeler
4465216,06-10-2021 15:50,Sedan
4465170,06-10-2021 15:53,Heavy Vehicle
4465834,06-10-2021 15:55,Two Wheeler
4471667,06-10-2021 16:00,Sedan
4466533,06-10-2021 16:00,Sedan
4465316,06-10-2021 16:00,SUV
4465191,06-10-2021 16:00,Sedan
4465066,06-10-2021 16:00,Sedan
4465192,06-10-2021 16:00,Two Wheeler
4465115,06-10-2021 16:00,Sedan
4466111,06-10-2021 16:02,Heavy Vehicle
4465079,06-10-2021 16:10,Sedan
4465132,06-10-2021 16:10,Heavy Vehicle
4465680,06-10-2021 16:11,Heavy Vehicle
4465249,06-10-2021 16:15,SUV
4465880,06-10-2021 16:15,Two Wheeler
4465718,06-10-2021 16:17,Sedan
4465268,06-10-2021 16:19,Sedan
4465726,06-10-2021 16:20,Sedan
4465511,06-10-2021 16:20,Sedan
4465676,06-10-2021 16:20,Heavy Vehicle
4466900,06-10-2021 16:25,Sedan
4466448,06-10-2021 16:25,Sedan
4465661,06-10-2021 16:25,Sedan
4465317,06-10-2021 16:25,Sedan
4465106,06-10-2021 16:30,SUV
4465457,06-10-2021 16:30,Sedan
4465599,06-10-2021 16:30,Sedan
4465158,06-10-2021 16:34,SUV
4467205,06-10-2021 16:35,Sedan
4465194,06-10-2021 16:37,Sedan
4466243,06-10-2021 16:38,Bus
4465067,06-10-2021 16:40,SUV
4465213,06-10-2021 16:41,SUV
4465301,06-10-2021 16:43,SUV
4466431,06-10-2021 16:47,Sedan
4465758,06-10-2021 16:50,Sedan
4465298,06-10-2021 16:50,Sedan
4465097,06-10-2021 16:55,Sedan
4466960,06-10-2021 16:59,Sedan
4465419,06-10-2021 17:01,Sedan
4465074,06-10-2021 17:07,Bus
4468362,06-10-2021 17:08,SUV
4465823,06-10-2021 17:08,SUV
4466950,06-10-2021 17:10,Sedan
4465039,06-10-2021 17:10,Ambulance
4465073,06-10-2021 17:10,SUV
4465185,06-10-2021 17:15,SUV
4465072,06-10-2021 17:17,Two Wheeler
4465103,06-10-2021 17:20,Sedan
4465359,06-10-2021 17:20,Sedan
4465190,06-10-2021 17:29,Taxi
4468283,06-10-2021 17:30,SUV
4466706,06-10-2021 17:30,Sedan
4465364,06-10-2021 17:30,Sedan
4465811,06-10-2021 17:35,Sedan
4465211,06-10-2021 17:35,SUV
4465087,06-10-2021 17:40,Sedan
4465200,06-10-2021 17:40,Heavy Vehicle
4465289,06-10-2021 17:45,Sedan
4465184,06-10-2021 17:45,Two Wheeler
4465031,06-10-2021 17:50,Sedan
4465091,06-10-2021 17:56,Sedan
4465134,06-10-2021 17:58,SUV
4465794,06-10-2021 18:00,Sedan
4465587,06-10-2021 18:00,Sedan
4465214,06-10-2021 18:00,Sedan
4465021,06-10-2021 18:00,Sedan
4466439,06-10-2021 18:03,SUV
4468119,06-10-2021 18:15,Sedan
4465227,06-10-2021 18:15,Sedan
4465089,06-10-2021 18:16,Sedan
4467430,06-10-2021 18:20,Heavy Vehicle
4465129,06-10-2021 18:25,SUV
4465076,06-10-2021 18:30,SUV
4465098,06-10-2021 18:30,SUV
4465179,06-10-2021 18:30,SUV
4466308,06-10-2021 18:40,Sedan
4465713,06-10-2021 18:40,Two Wheeler
4465453,06-10-2021 18:40,Sedan
4465787,06-10-2021 18:41,Two Wheeler
4465161,06-10-2021 18:51,Two Wheeler
4467494,06-10-2021 19:00,Sedan
4466310,06-10-2021 19:00,Two Wheeler
4465389,06-10-2021 19:00,Sedan
4465458,06-10-2021 19:00,Sedan
4465198,06-10-2021 19:00,Sedan
4465088,06-10-2021 19:10,Two Wheeler
4465169,06-10-2021 19:10,Sedan
4466110,06-10-2021 19:19,Bus
4465306,06-10-2021 19:20,Sedan
4465739,06-10-2021 19:22,Sedan
4466106,06-10-2021 19:30,Heavy Vehicle
4466008,06-10-2021 19:30,Sedan
4465338,06-10-2021 19:30,SUV
4465130,06-10-2021 19:50,Sedan
4469395,06-10-2021 20:00,Sedan
4466408,06-10-2021 20:00,Sedan
4467042,06-10-2021 20:00,Two Wheeler
4465336,06-10-2021 20:00,Sedan
4465710,06-10-2021 20:04,Two Wheeler
4465100,06-10-2021 20:15,Sedan
4465099,06-10-2021 20:18,Ambulance
4468940,06-10-2021 20:19,Bus
4465163,06-10-2021 20:24,Sedan
4465109,06-10-2021 20:25,Sedan
4467991,06-10-2021 20:30,Two Wheeler
4466101,06-10-2021 20:30,Taxi
4466072,06-10-2021 20:30,Sedan
4465459,06-10-2021 20:40,SUV
4465127,06-10-2021 20:40,Sedan
4465687,06-10-2021 20:41,Sedan
4465347,06-10-2021 20:54,Sedan
4465606,06-10-2021 20:55,Sedan
4465247,06-10-2021 21:03,Two Wheeler
4467231,06-10-2021 21:05,Taxi
4465370,06-10-2021 21:05,Sedan
4465110,06-10-2021 21:08,Sedan
4465122,06-10-2021 21:10,SUV
4465302,06-10-2021 21:10,Sedan
4465101,06-10-2021 21:15,SUV
4465740,06-10-2021 21:15,Heavy Vehicle
4466226,06-10-2021 21:38,Sedan
4465333,06-10-2021 21:38,Sedan
4465439,06-10-2021 21:39,Sedan
4465102,06-10-2021 21:40,Heavy Vehicle
4466467,06-10-2021 21:50,SUV
4465472,06-10-2021 21:52,SUV
4466177,06-10-2021 21:53,Sedan
4465339,06-10-2021 22:07,SUV
4466152,06-10-2021 22:12,Sedan
4465126,06-10-2021 22:21,Sedan
4465212,06-10-2021 22:28,Sedan
4467383,06-10-2021 22:30,SUV
4465124,06-10-2021 22:36,SUV
4467880,06-10-2021 22:36,Sedan
4465683,06-10-2021 22:38,Sedan
4465253,06-10-2021 22:40,Sedan
4465662,06-10-2021 22:40,Sedan
4465133,06-10-2021 22:40,Heavy Vehicle
4465123,06-10-2021 22:50,Two Wheeler
4465153,06-10-2021 22:50,SUV
4473112,06-10-2021 22:56,Sedan
4465628,06-10-2021 23:00,Sedan
4465217,06-10-2021 23:02,Sedan
4465199,06-10-2021 23:10,SUV
4466318,06-10-2021 23:12,Commercial Vehicle
4465121,06-10-2021 23:24,Sedan
4465895,06-10-2021 23:30,Sedan
4466372,06-10-2021 23:51,SUV
4465540,06-10-2021 23:54,Sedan
4467292,07-10-2021 00:00,Sedan
4467183,07-10-2021 00:00,Sedan
4465886,07-10-2021 00:00,Commercial Vehicle
4465555,07-10-2021 00:00,Heavy Vehicle
4465159,07-10-2021 00:00,Heavy Vehicle
4465692,07-10-2021 00:00,Sedan
4466915,07-10-2021 00:05,Sedan
4465368,07-10-2021 00:09,Sedan
4465206,07-10-2021 00:15,SUV
4465283,07-10-2021 00:30,SUV
4466332,07-10-2021 00:41,Taxi
4465423,07-10-2021 00:50,SUV
4465138,07-10-2021 01:10,SUV
4465196,07-10-2021 01:31,SUV
4465501,07-10-2021 01:36,Sedan
4465167,07-10-2021 01:50,Sedan
4465445,07-10-2021 02:00,Sedan
4465250,07-10-2021 02:30,SUV
4465898,07-10-2021 02:47,SUV
4466986,07-10-2021 02:54,SUV
4465244,07-10-2021 03:00,Sedan
4465162,07-10-2021 03:40,Sedan
4465588,07-10-2021 03:48,Sedan
4466481,07-10-2021 04:25,Two Wheeler
4465176,07-10-2021 04:36,Sedan
4465360,07-10-2021 04:50,SUV
4465383,07-10-2021 05:00,Sedan
4465320,07-10-2021 05:00,SUV
4466721,07-10-2021 05:30,SUV
4466542,07-10-2021 06:00,Sedan
4465164,07-10-2021 06:00,SUV
4465215,07-10-2021 06:13,Sedan
4466003,07-10-2021 06:15,Sedan
4465171,07-10-2021 06:28,SUV
4465165,07-10-2021 06:40,SUV
4465600,07-10-2021 06:50,Sedan
4465601,07-10-2021 07:11,Sedan
4465229,07-10-2021 07:15,Sedan
4465314,07-10-2021 07:15,SUV
4465529,07-10-2021 07:20,Sedan
4465821,07-10-2021 07:25,Sedan
4465504,07-10-2021 07:28,SUV
4465205,07-10-2021 07:30,SUV
4465309,07-10-2021 07:41,Sedan
4465796,07-10-2021 07:43,Bus
4467453,07-10-2021 07:46,SUV
4465418,07-10-2021 07:58,SUV
4465475,07-10-2021 08:00,Sedan
4465222,07-10-2021 08:00,Sedan
4465219,07-10-2021 08:00,SUV
4465337,07-10-2021 08:00,Bus
4465602,07-10-2021 08:00,Sedan
4465438,07-10-2021 08:00,Sedan
4466744,07-10-2021 08:03,Two Wheeler
4465264,07-10-2021 08:05,Sedan
4465396,07-10-2021 08:11,SUV
4466097,07-10-2021 08:13,Sedan
4465698,07-10-2021 08:13,SUV
4465409,07-10-2021 08:15,SUV
4465312,07-10-2021 08:15,SUV
4465991,07-10-2021 08:30,Bus
4467879,07-10-2021 08:30,Sedan
4466451,07-10-2021 08:30,SUV
4465259,07-10-2021 08:30,SUV
4465254,07-10-2021 08:40,SUV
4465665,07-10-2021 08:45,Sedan
4465664,07-10-2021 08:45,Sedan
4465411,07-10-2021 08:45,Two Wheeler
4465372,07-10-2021 08:52,SUV
4465334,07-10-2021 08:57,Sedan
4465835,07-10-2021 09:00,Sedan
4465307,07-10-2021 09:00,SUV
4465485,07-10-2021 09:00,Heavy Vehicle
4465387,07-10-2021 09:00,Sedan
4465308,07-10-2021 09:08,Bus
4465233,07-10-2021 09:10,SUV
4465401,07-10-2021 09:11,Sedan
4465452,07-10-2021 09:11,SUV
4465260,07-10-2021 09:15,Sedan
4465654,07-10-2021 09:20,SUV
4465644,07-10-2021 09:25,Sedan
4465589,07-10-2021 09:30,SUV
4465391,07-10-2021 09:40,SUV
4465245,07-10-2021 09:45,SUV
4465346,07-10-2021 09:55,Bus
4467481,07-10-2021 10:00,SUV
4465386,07-10-2021 10:00,Heavy Vehicle
4465955,07-10-2021 10:00,Sedan
4465269,07-10-2021 10:04,Two Wheeler
4465277,07-10-2021 10:05,SUV
4465800,07-10-2021 10:13,Sedan
4466082,07-10-2021 10:14,SUV
4465299,07-10-2021 10:18,Sedan
4465716,07-10-2021 10:30,Sedan
4465377,07-10-2021 10:35,Sedan
4468370,07-10-2021 10:45,Heavy Vehicle
4468498,07-10-2021 10:45,Heavy Vehicle
4468093,07-10-2021 10:50,SUV
4465304,07-10-2021 10:55,Sedan
4465310,07-10-2021 10:58,Sedan
4465315,07-10-2021 11:00,SUV
4465235,07-10-2021 11:05,Two Wheeler
4465330,07-10-2021 11:10,SUV
4465410,07-10-2021 11:18,SUV
4466813,07-10-2021 11:27,Sedan
4465892,07-10-2021 11:27,Sedan
4466967,07-10-2021 11:30,Sedan
4466311,07-10-2021 11:30,Sedan
4465624,07-10-2021 11:30,Sedan
4465272,07-10-2021 11:30,SUV
4465723,07-10-2021 11:33,Heavy Vehicle
4466319,07-10-2021 11:35,Two Wheeler
4473524,07-10-2021 11:45,Heavy Vehicle
4470784,07-10-2021 11:45,SUV
4466622,07-10-2021 11:45,Sedan
4468038,07-10-2021 11:46,Sedan
4465405,07-10-2021 11:54,SUV
4465434,07-10-2021 11:55,Sedan
4465311,07-10-2021 11:58,SUV
4466422,07-10-2021 12:00,Bus
4465471,07-10-2021 12:00,Two Wheeler
4465629,07-10-2021 12:05,SUV
4465873,07-10-2021 12:08,Sedan
4465897,07-10-2021 12:10,Sedan
4465390,07-10-2021 12:10,Sedan
4465261,07-10-2021 12:15,SUV
4465838,07-10-2021 12:16,SUV
4465857,07-10-2021 12:18,SUV
4465252,07-10-2021 12:18,SUV
4466892,07-10-2021 12:20,Commercial Vehicle
4465350,07-10-2021 12:20,Sedan
4467715,07-10-2021 12:30,Sedan
4465552,07-10-2021 12:30,Sedan
4466146,07-10-2021 12:31,Sedan
4465325,07-10-2021 12:32,Sedan
4466006,07-10-2021 12:39,Sedan
4465506,07-10-2021 12:44,Taxi
4465486,07-10-2021 12:45,Two Wheeler
4465375,07-10-2021 12:45,Sedan
4465341,07-10-2021 12:50,SUV
4465594,07-10-2021 12:51,Sedan
4465303,07-10-2021 12:54,Sedan
4465940,07-10-2021 12:55,Sedan
4466514,07-10-2021 13:00,Two Wheeler
4465690,07-10-2021 13:00,Two Wheeler
4466426,07-10-2021 13:05,SUV
4465487,07-10-2021 13:05,SUV
4465394,07-10-2021 13:13,SUV
4467552,07-10-2021 13:19,Two Wheeler
4465512,07-10-2021 13:20,SUV
4465541,07-10-2021 13:20,Sedan
4465867,07-10-2021 13:26,Sedan
4465354,07-10-2021 13:30,Sedan
4465746,07-10-2021 13:36,SUV
4465842,07-10-2021 13:37,Sedan
4466286,07-10-2021 13:45,Sedan
4465738,07-10-2021 13:45,SUV
4467067,07-10-2021 13:50,SUV
4465324,07-10-2021 13:50,Sedan
4465621,07-10-2021 13:50,SUV
4465813,07-10-2021 13:51,SUV
4467455,07-10-2021 14:00,Two Wheeler
4465516,07-10-2021 14:00,Sedan
4465640,07-10-2021 14:00,SUV
4465904,07-10-2021 14:00,SUV
4465395,07-10-2021 14:00,SUV
4466035,07-10-2021 14:00,Sedan
4465313,07-10-2021 14:01,Two Wheeler
4465321,07-10-2021 14:15,Sedan
4465524,07-10-2021 14:15,Sedan
4466204,07-10-2021 14:20,Taxi
4466044,07-10-2021 14:20,SUV
4465331,07-10-2021 14:21,Sedan
4465335,07-10-2021 14:22,SUV
4465388,07-10-2021 14:25,SUV
4466011,07-10-2021 14:30,SUV
4465467,07-10-2021 14:30,SUV
4465488,07-10-2021 14:30,Heavy Vehicle
4466981,07-10-2021 14:33,SUV
4465397,07-10-2021 14:40,Sedan
4465759,07-10-2021 14:40,SUV
4470874,07-10-2021 14:45,Sedan
4465764,07-10-2021 14:46,Sedan
4466460,07-10-2021 14:50,SUV
4466834,07-10-2021 15:00,SUV
4465362,07-10-2021 15:00,SUV
4465379,07-10-2021 15:00,Sedan
4465376,07-10-2021 15:00,Sedan
4465970,07-10-2021 15:04,Heavy Vehicle
4465365,07-10-2021 15:08,Taxi
4467297,07-10-2021 15:10,SUV
4465625,07-10-2021 15:12,Two Wheeler
4466442,07-10-2021 15:14,Two Wheeler
4465584,07-10-2021 15:15,Taxi
4465433,07-10-2021 15:15,Sedan
4470774,07-10-2021 15:20,SUV
4466113,07-10-2021 15:20,Sedan
4465859,07-10-2021 15:22,SUV
4465400,07-10-2021 15:22,SUV
4466048,07-10-2021 15:30,Bus
4466019,07-10-2021 15:30,SUV
4465515,07-10-2021 15:30,Two Wheeler
4465421,07-10-2021 15:38,Sedan
4468921,07-10-2021 15:40,Heavy Vehicle
4465790,07-10-2021 15:40,SUV
4465500,07-10-2021 15:43,SUV
4465483,07-10-2021 15:45,Sedan
4465814,07-10-2021 15:45,Sedan
4465463,07-10-2021 16:00,SUV
4465493,07-10-2021 16:00,SUV
4466472,07-10-2021 16:04,Heavy Vehicle
4465583,07-10-2021 16:05,Heavy Vehicle
4465403,07-10-2021 16:05,Sedan
4466315,07-10-2021 16:10,Two Wheeler
4465357,07-10-2021 16:10,SUV
4465575,07-10-2021 16:10,Two Wheeler
4465367,07-10-2021 16:13,SUV
4465761,07-10-2021 16:14,SUV
4465612,07-10-2021 16:15,Two Wheeler
4466009,07-10-2021 16:17,Heavy Vehicle
4466055,07-10-2021 16:25,Bus
4467490,07-10-2021 16:30,Two Wheeler
4465369,07-10-2021 16:30,SUV
4465490,07-10-2021 16:33,Bus
4465385,07-10-2021 16:33,Sedan
4467071,07-10-2021 16:37,Sedan
4465407,07-10-2021 16:40,SUV
4465525,07-10-2021 16:40,Sedan
4465649,07-10-2021 16:40,Sedan
4465412,07-10-2021 16:45,Sedan
4465517,07-10-2021 16:45,SUV
4465355,07-10-2021 16:50,SUV
4466166,07-10-2021 16:51,Taxi
4466410,07-10-2021 16:54,Sedan
4465527,07-10-2021 16:55,SUV
4465404,07-10-2021 16:55,SUV
4465466,07-10-2021 17:00,SUV
4465384,07-10-2021 17:00,Sedan
4465353,07-10-2021 17:05,SUV
4465392,07-10-2021 17:08,Sedan
4467702,07-10-2021 17:10,SUV
4465700,07-10-2021 17:11,Ambulance
4465476,07-10-2021 17:15,Sedan
4465402,07-10-2021 17:16,Heavy Vehicle
4465885,07-10-2021 17:17,Sedan
4465398,07-10-2021 17:18,Sedan
4465998,07-10-2021 17:20,Two Wheeler
4465947,07-10-2021 17:25,SUV
4467488,07-10-2021 17:30,Sedan
4466316,07-10-2021 17:30,SUV
4465514,07-10-2021 17:30,Heavy Vehicle
4466025,07-10-2021 17:34,Sedan
4466476,07-10-2021 17:35,SUV
4465950,07-10-2021 17:35,Sedan
4465660,07-10-2021 17:40,Commercial Vehicle
4465653,07-10-2021 17:40,Two Wheeler
4465448,07-10-2021 17:43,SUV
4467428,07-10-2021 17:45,SUV
4466336,07-10-2021 17:45,SUV
4468048,07-10-2021 17:49,Sedan
4467326,07-10-2021 18:00,Two Wheeler
4466165,07-10-2021 18:00,Heavy Vehicle
4465641,07-10-2021 18:00,SUV
4465779,07-10-2021 18:00,Sedan
4465608,07-10-2021 18:00,SUV
4465429,07-10-2021 18:04,Sedan
4465865,07-10-2021 18:15,Sedan
4465673,07-10-2021 18:17,Heavy Vehicle
4465449,07-10-2021 18:25,SUV
4465586,07-10-2021 18:29,Two Wheeler
4466126,07-10-2021 18:34,Commercial Vehicle
4465413,07-10-2021 18:34,Sedan
4465949,07-10-2021 18:40,Sedan
4465753,07-10-2021 18:45,Sedan
4465592,07-10-2021 18:50,SUV
4465414,07-10-2021 18:50,SUV
4465848,07-10-2021 18:52,Sedan
4470227,07-10-2021 19:00,Sedan
4467403,07-10-2021 19:00,SUV
4467498,07-10-2021 19:00,SUV
4466071,07-10-2021 19:00,SUV
4465393,07-10-2021 19:03,Bus
4465442,07-10-2021 19:07,Two Wheeler
4465492,07-10-2021 19:17,SUV
4472588,07-10-2021 19:18,Sedan
4465815,07-10-2021 19:20,Sedan
4465703,07-10-2021 19:20,Sedan
4465427,07-10-2021 19:27,Two Wheeler
4465374,07-10-2021 19:30,SUV
4465542,07-10-2021 19:30,SUV
4466678,07-10-2021 19:33,Two Wheeler
4467206,07-10-2021 19:34,Sedan
4466265,07-10-2021 19:37,Sedan
4465431,07-10-2021 19:40,Sedan
4466812,07-10-2021 19:41,SUV
4465456,07-10-2021 19:45,Sedan
4465380,07-10-2021 19:58,Sedan
4467866,07-10-2021 20:00,Sedan
4465905,07-10-2021 20:00,SUV
4467172,07-10-2021 20:05,Two Wheeler
4465812,07-10-2021 20:08,Sedan
4465477,07-10-2021 20:14,Sedan
4465478,07-10-2021 20:15,Sedan
4465437,07-10-2021 20:24,Two Wheeler
4465382,07-10-2021 20:25,SUV
4470808,07-10-2021 20:30,Two Wheeler
4465399,07-10-2021 20:30,SUV
4467413,07-10-2021 20:42,Two Wheeler
4465566,07-10-2021 20:48,SUV
4465603,07-10-2021 20:50,SUV
4467194,07-10-2021 20:52,Sedan
4465508,07-10-2021 20:52,Sedan
4465701,07-10-2021 20:57,SUV
4466649,07-10-2021 21:00,Sedan
4465422,07-10-2021 21:07,Sedan
4466085,07-10-2021 21:27,Two Wheeler
4465948,07-10-2021 21:27,Sedan
4466366,07-10-2021 21:29,SUV
4465443,07-10-2021 21:38,Sedan
4465428,07-10-2021 21:40,SUV
4466444,07-10-2021 21:40,Sedan
4465557,07-10-2021 21:50,SUV
4470091,07-10-2021 21:55,SUV
4466743,07-10-2021 21:57,SUV
4466440,07-10-2021 22:00,Sedan
4465408,07-10-2021 22:00,SUV
4466004,07-10-2021 22:00,SUV
4465416,07-10-2021 22:11,SUV
4466051,07-10-2021 22:21,Two Wheeler
4465972,07-10-2021 22:30,SUV
4465788,07-10-2021 22:30,SUV
4465444,07-10-2021 22:30,Sedan
4467227,07-10-2021 22:38,Sedan
4467454,07-10-2021 22:48,Sedan
4466389,07-10-2021 22:50,Sedan
4465957,07-10-2021 22:50,Sedan
4465688,07-10-2021 23:09,Sedan
4467007,07-10-2021 23:10,Sedan
4466147,07-10-2021 23:10,Two Wheeler
4465450,07-10-2021 23:12,Two Wheeler
4466740,07-10-2021 23:15,SUV
4467458,07-10-2021 23:25,Commercial Vehicle
4465415,07-10-2021 23:30,SUV
4466794,07-10-2021 23:30,SUV
4465963,07-10-2021 23:35,Sedan
4465460,07-10-2021 23:40,Sedan
4465577,07-10-2021 23:50,Sedan
4469798,07-10-2021 23:54,Ambulance
4467456,07-10-2021 23:55,Heavy Vehicle
4466120,07-10-2021 23:55,Two Wheeler
4466664,07-10-2021 23:57,Sedan
